Id,MSSubClass,LotArea,OverallQual,OverallCond,YearBuilt,YearRemodAdd,MasVnrArea,BsmtFinSF1,BsmtUnfSF,TotalBsmtSF,1stFlrSF,2ndFlrSF,LowQualFinSF,GrLivArea,SalePrice
1,60,8450,7,5,2003,2003,196,706,150,856,856,854,0,1710,208500
2,20,9600,6,8,1976,1976,0,978,284,1262,1262,0,0,1262,181500
3,60,11250,7,5,2001,2002,162,486,434,920,920,866,0,1786,223500
4,70,9550,7,5,1915,1970,0,216,540,756,961,756,0,1717,140000
5,60,14260,8,5,2000,2000,350,655,490,1145,1145,1053,0,2198,250000
6,50,14115,5,5,1993,1995,0,732,64,796,796,566,0,1362,143000
7,20,10084,8,5,2004,2005,186,1369,317,1686,1694,0,0,1694,307000
8,60,10382,7,6,1973,1973,240,859,216,1107,1107,983,0,2090,200000
9,50,6120,7,5,1931,1950,0,0,952,952,1022,752,0,1774,129900
10,190,7420,5,6,1939,1950,0,851,140,991,1077,0,0,1077,118000
11,20,11200,5,5,1965,1965,0,906,134,1040,1040,0,0,1040,129500
12,60,11924,9,5,2005,2006,286,998,177,1175,1182,1142,0,2324,345000
13,20,12968,5,6,1962,1962,0,737,175,912,912,0,0,912,144000
14,20,10652,7,5,2006,2007,306,0,1494,1494,1494,0,0,1494,279500
15,20,10920,6,5,1960,1960,212,733,520,1253,1253,0,0,1253,157000
16,45,6120,7,8,1929,2001,0,0,832,832,854,0,0,854,132000
17,20,11241,6,7,1970,1970,180,578,426,1004,1004,0,0,1004,149000
18,90,10791,4,5,1967,1967,0,0,0,0,1296,0,0,1296,90000
19,20,13695,5,5,2004,2004,0,646,468,1114,1114,0,0,1114,159000
20,20,7560,5,6,1958,1965,0,504,525,1029,1339,0,0,1339,139000
21,60,14215,8,5,2005,2006,380,0,1158,1158,1158,1218,0,2376,325300
22,45,7449,7,7,1930,1950,0,0,637,637,1108,0,0,1108,139400
23,20,9742,8,5,2002,2002,281,0,1777,1777,1795,0,0,1795,230000
24,120,4224,5,7,1976,1976,0,840,200,1040,1060,0,0,1060,129900
25,20,8246,5,8,1968,2001,0,188,204,1060,1060,0,0,1060,154000
26,20,14230,8,5,2007,2007,640,0,1566,1566,1600,0,0,1600,256300
27,20,7200,5,7,1951,2000,0,234,180,900,900,0,0,900,134800
28,20,11478,8,5,2007,2008,200,1218,486,1704,1704,0,0,1704,306000
29,20,16321,5,6,1957,1997,0,1277,207,1484,1600,0,0,1600,207500
30,30,6324,4,6,1927,1950,0,0,520,520,520,0,0,520,68500
31,70,8500,4,4,1920,1950,0,0,649,649,649,668,0,1317,40000
32,20,8544,5,6,1966,2006,0,0,1228,1228,1228,0,0,1228,149350
33,20,11049,8,5,2007,2007,0,0,1234,1234,1234,0,0,1234,179900
34,20,10552,5,5,1959,1959,0,1018,380,1398,1700,0,0,1700,165500
35,120,7313,9,5,2005,2005,246,1153,408,1561,1561,0,0,1561,277500
36,60,13418,8,5,2004,2005,132,0,1117,1117,1132,1320,0,2452,309000
37,20,10859,5,5,1994,1995,0,0,1097,1097,1097,0,0,1097,145000
38,20,8532,5,6,1954,1990,650,1213,84,1297,1297,0,0,1297,153000
39,20,7922,5,7,1953,2007,0,731,326,1057,1057,0,0,1057,109000
40,90,6040,4,5,1955,1955,0,0,0,0,1152,0,0,1152,82000
41,20,8658,6,5,1965,1965,101,643,445,1088,1324,0,0,1324,160000
42,20,16905,5,6,1959,1959,0,967,383,1350,1328,0,0,1328,170000
43,85,9180,5,7,1983,1983,0,747,0,840,884,0,0,884,144000
44,20,9200,5,6,1975,1980,0,280,167,938,938,0,0,938,130250
45,20,7945,5,6,1959,1959,0,179,465,1150,1150,0,0,1150,141000
46,120,7658,9,5,2005,2005,412,456,1296,1752,1752,0,0,1752,319900
47,50,12822,7,5,2003,2003,0,1351,83,1434,1518,631,0,2149,239686
48,20,11096,8,5,2006,2006,0,24,1632,1656,1656,0,0,1656,249700
49,190,4456,4,5,1920,2008,0,0,736,736,736,716,0,1452,113000
50,20,7742,5,7,1966,1966,0,763,192,955,955,0,0,955,127000
51,60,13869,6,6,1997,1997,0,182,612,794,794,676,0,1470,177000
52,50,6240,6,6,1934,1950,0,0,816,816,816,0,360,1176,114500
53,90,8472,5,5,1963,1963,0,104,0,816,816,0,0,816,110000
54,20,50271,9,5,1981,1987,0,1810,32,1842,1842,0,0,1842,385000
55,80,7134,5,5,1955,1955,0,384,0,384,1360,0,0,1360,130000
56,20,10175,6,5,1964,1964,272,490,935,1425,1425,0,0,1425,180500
57,160,2645,8,5,1999,2000,456,649,321,970,983,756,0,1739,172500
58,60,11645,7,5,2004,2004,0,0,860,860,860,860,0,1720,196500
59,60,13682,10,5,2006,2006,1031,0,1410,1410,1426,1519,0,2945,438780
60,20,7200,5,7,1972,1972,0,632,148,780,780,0,0,780,124900
61,20,13072,6,5,2004,2004,0,941,217,1158,1158,0,0,1158,158000
62,75,7200,5,7,1920,1996,0,0,530,530,581,530,0,1111,101000
63,120,6442,8,5,2006,2006,178,24,1346,1370,1370,0,0,1370,202500
64,70,10300,7,6,1921,1950,0,0,576,576,902,808,0,1710,140000
65,60,9375,7,5,1997,1998,573,739,318,1057,1057,977,0,2034,219500
66,60,9591,8,5,2004,2005,344,0,1143,1143,1143,1330,0,2473,317000
67,20,19900,7,5,1970,1989,287,912,1035,1947,2207,0,0,2207,180000
68,20,10665,7,5,2003,2003,167,1013,440,1453,1479,0,0,1479,226000
69,30,4608,4,6,1945,1950,0,0,747,747,747,0,0,747,80000
70,50,15593,7,4,1953,1953,0,603,701,1304,1304,983,0,2287,225000
71,20,13651,7,6,1973,1973,1115,1880,343,2223,2223,0,0,2223,244000
72,20,7599,4,6,1982,2006,0,565,280,845,845,0,0,845,129500
73,60,10141,7,5,1998,1998,40,0,832,832,885,833,0,1718,185000
74,20,10200,5,7,1954,2003,104,320,404,1086,1086,0,0,1086,144900
75,50,5790,3,6,1915,1950,0,0,840,840,840,765,0,1605,107400
76,180,1596,4,5,1973,1973,0,462,0,462,526,462,0,988,91000
77,20,8475,4,7,1956,1956,0,228,724,952,952,0,0,952,135750
78,50,8635,5,5,1948,2001,0,336,295,672,1072,213,0,1285,127000
79,90,10778,4,5,1968,1968,0,0,1768,1768,1768,0,0,1768,136500
80,50,10440,5,6,1910,1981,0,0,440,440,682,548,0,1230,110000
81,60,13000,6,6,1968,1968,576,448,448,896,1182,960,0,2142,193500
82,120,4500,6,5,1998,1998,443,1201,36,1237,1337,0,0,1337,153500
83,20,10206,8,5,2007,2007,468,33,1530,1563,1563,0,0,1563,245000
84,20,8892,5,5,1960,1960,66,0,1065,1065,1065,0,0,1065,126500
85,80,8530,7,5,1995,1996,22,0,384,384,804,670,0,1474,168500
86,60,16059,8,5,1991,1992,284,0,1288,1288,1301,1116,0,2417,260000
87,60,11911,6,5,2005,2005,0,0,684,684,684,876,0,1560,174000
88,160,3951,6,5,2009,2009,76,0,612,612,612,612,0,1224,164500
89,50,8470,3,2,1915,1982,0,0,1013,1013,1013,0,513,1526,85000
90,20,8070,4,5,1994,1995,0,588,402,990,990,0,0,990,123600
91,20,7200,4,5,1950,1950,0,0,0,0,1040,0,0,1040,109900
92,20,8500,5,3,1961,1961,203,600,635,1235,1235,0,0,1235,98600
93,30,13360,5,7,1921,2006,0,713,163,876,964,0,0,964,163500
94,190,7200,6,6,1910,1998,0,1046,168,1214,1260,1031,0,2291,133900
95,60,9337,6,5,1997,1997,0,648,176,824,905,881,0,1786,204750
96,60,9765,6,8,1993,1993,68,310,370,680,680,790,0,1470,185000
97,20,10264,7,5,1999,1999,183,1162,426,1588,1588,0,0,1588,214000
98,20,10921,4,5,1965,1965,48,520,440,960,960,0,0,960,94750
99,30,10625,5,5,1920,1950,0,108,350,458,835,0,0,835,83000
100,20,9320,4,5,1959,1959,0,569,381,950,1225,0,0,1225,128950
101,20,10603,6,7,1977,2001,28,1200,410,1610,1610,0,0,1610,205000
102,60,9206,6,5,1985,1985,336,0,741,741,977,755,0,1732,178000
103,90,7018,5,5,1979,1979,0,0,0,0,1535,0,0,1535,118964
104,20,10402,7,5,2009,2009,0,0,1226,1226,1226,0,0,1226,198900
105,50,7758,7,4,1931,1950,600,224,816,1040,1226,592,0,1818,169500
106,60,9375,8,5,2003,2004,768,0,1053,1053,1053,939,0,1992,250000
107,30,10800,4,7,1885,1995,0,0,641,641,1047,0,0,1047,100000
108,20,6000,5,5,1948,1950,0,104,516,789,789,0,0,789,115000
109,50,8500,5,7,1919,2005,0,0,793,793,997,520,0,1517,115000
110,20,11751,6,6,1977,1977,480,705,1139,1844,1844,0,0,1844,190000
111,50,9525,6,4,1954,1972,0,444,550,994,1216,639,0,1855,136900
112,80,7750,7,5,2000,2000,0,250,134,384,774,656,0,1430,180000
113,60,9965,7,5,2007,2007,220,984,280,1264,1282,1414,0,2696,383970
114,20,21000,6,5,1953,1953,184,35,905,1809,2259,0,0,2259,217000
115,70,7259,6,8,1945,2002,0,774,104,1028,1436,884,0,2320,259500
116,160,3230,6,5,1999,1999,1129,419,310,729,729,729,0,1458,176000
117,20,11616,5,5,1962,1962,116,170,252,1092,1092,0,0,1092,139000
118,20,8536,5,5,2006,2007,0,0,1125,1125,1125,0,0,1125,155000
119,60,12376,7,5,1990,1990,0,1470,203,1673,1699,1523,0,3222,320000
120,60,8461,6,5,2005,2006,0,0,728,728,728,728,0,1456,163990
121,80,21453,6,5,1969,1969,0,938,0,938,988,0,0,988,180000
122,50,6060,4,5,1939,1950,0,0,732,732,772,351,0,1123,100000
123,20,9464,6,7,1958,1958,135,570,510,1080,1080,0,0,1080,136000
124,120,7892,6,5,1993,1993,0,300,899,1199,1199,0,0,1199,153900
125,20,17043,6,5,1979,1998,0,0,1362,1362,1586,0,0,1586,181000
126,190,6780,6,8,1935,1982,0,490,30,520,520,0,234,754,84500
127,120,4928,6,5,1976,1976,0,120,958,1078,958,0,0,958,128000
128,45,4388,5,7,1930,1950,0,116,556,672,840,0,0,840,87000
129,60,7590,6,5,1966,1966,266,512,148,660,660,688,0,1348,155000
130,20,8973,5,7,1958,1991,85,567,413,1008,1053,0,0,1053,150000
131,60,14200,7,6,1966,1966,309,445,479,924,1216,941,0,2157,226000
132,60,12224,6,5,2000,2000,40,695,297,992,1022,1032,0,2054,244000
133,20,7388,5,6,1959,2002,0,405,658,1063,1327,0,0,1327,150750
134,20,6853,8,5,2001,2002,136,1005,262,1267,1296,0,0,1296,220000
135,20,10335,5,6,1968,1993,0,570,891,1461,1721,0,0,1721,180000
136,20,10400,7,6,1970,1970,288,0,1304,1304,1682,0,0,1682,174000
137,20,10355,5,5,1967,1967,196,695,519,1214,1214,0,0,1214,143000
138,90,11070,7,5,1988,1989,70,0,1907,1907,1959,0,0,1959,171000
139,60,9066,8,5,1999,2000,320,668,336,1004,1004,848,0,1852,230000
140,60,15426,6,5,1997,1997,0,821,107,928,928,836,0,1764,231500
141,20,10500,4,5,1971,1971,0,432,432,864,864,0,0,864,115000
142,20,11645,7,5,2005,2005,0,1300,434,1734,1734,0,0,1734,260000
143,50,8520,5,4,1952,1952,0,507,403,910,910,475,0,1385,166000
144,20,10335,7,5,1999,1999,183,679,811,1490,1501,0,0,1501,204000
145,90,9100,5,5,1963,1963,336,1332,396,1728,1728,0,0,1728,125000
146,160,2522,6,5,2004,2006,50,0,970,970,970,739,0,1709,130000
147,30,6120,5,7,1931,1993,0,209,506,715,875,0,0,875,105000
148,60,9505,7,5,2001,2001,180,0,884,884,884,1151,0,2035,222500
149,20,7500,7,5,2004,2005,120,680,400,1080,1080,0,0,1080,141000
150,50,6240,5,4,1936,1950,0,0,896,896,896,448,0,1344,115000
151,20,10356,5,6,1975,1975,0,716,253,969,969,0,0,969,122000
152,20,13891,8,5,2007,2008,436,1400,310,1710,1710,0,0,1710,372402
153,60,14803,6,5,1971,1971,252,416,409,825,1097,896,0,1993,190000
154,20,13500,6,7,1960,1975,0,429,93,1602,1252,0,0,1252,235000
155,30,11340,6,5,1923,1950,0,0,1200,1200,1200,0,0,1200,125000
156,50,9600,6,5,1924,1950,0,0,572,572,572,524,0,1096,79000
157,20,7200,5,7,1950,1950,0,0,0,0,1040,0,0,1040,109500
158,60,12003,8,5,2009,2010,84,0,774,774,774,1194,0,1968,269500
159,60,12552,7,5,2004,2005,0,222,769,991,991,956,0,1947,254900
160,60,19378,7,5,2005,2006,456,57,1335,1392,1392,1070,0,2462,320000
161,20,11120,6,6,1984,1984,0,660,572,1232,1232,0,0,1232,162500
162,60,13688,9,5,2003,2004,664,1016,556,1572,1572,1096,0,2668,412500
163,20,12182,7,5,2005,2005,226,1201,340,1541,1541,0,0,1541,220000
164,45,5500,4,6,1956,1956,0,0,882,882,882,0,0,882,103200
165,40,5400,6,7,1926,2004,0,370,779,1149,1149,467,0,1616,152000
166,190,10106,5,7,1940,1999,0,351,112,644,808,547,0,1355,127500
167,20,10708,5,5,1955,1993,0,379,470,1617,1867,0,0,1867,190000
168,60,10562,8,5,2007,2007,300,1288,294,1582,1610,551,0,2161,325624
169,60,8244,7,5,2004,2004,0,0,840,840,840,880,0,1720,183500
170,20,16669,8,6,1981,1981,653,0,1686,1686,1707,0,0,1707,228000
171,50,12358,5,6,1941,1950,0,360,360,720,854,0,528,1382,128500
172,20,31770,6,5,1960,1960,112,639,441,1080,1656,0,0,1656,215000
173,160,5306,7,7,1987,1987,0,495,354,1064,1064,703,0,1767,239000
174,20,10197,6,5,1961,1961,491,288,700,1362,1362,0,0,1362,163000
175,20,12416,6,5,1986,1986,132,1398,0,1606,1651,0,0,1651,184000
176,20,12615,6,7,1950,2001,0,477,725,1202,2158,0,0,2158,243000
177,60,10029,6,5,1988,1989,268,831,320,1151,1164,896,0,2060,211000
178,50,13650,5,5,1958,1958,0,57,554,1052,1252,668,0,1920,172500
179,20,17423,9,5,2008,2009,748,1904,312,2216,2234,0,0,2234,501837
180,30,8520,5,6,1923,2006,0,0,968,968,968,0,0,968,100000
181,160,2117,6,5,2000,2000,456,436,320,756,769,756,0,1525,177000
182,70,7588,7,6,1920,1950,0,352,441,793,901,901,0,1802,200100
183,20,9060,5,6,1957,2006,98,0,0,0,1340,0,0,1340,120000
184,50,11426,7,5,2003,2003,0,0,1362,1362,1362,720,0,2082,200000
185,50,7438,5,8,1908,1991,0,0,504,504,936,316,0,1252,127000
186,75,22950,10,9,1892,1993,0,0,1107,1107,1518,1518,572,3608,475000
187,80,9947,7,5,1990,1991,0,611,577,1188,1217,0,0,1217,173000
188,50,10410,5,7,1916,1987,0,0,660,660,808,704,144,1656,135000
189,90,7018,5,5,1979,1979,275,1086,0,1086,1224,0,0,1224,153337
190,120,4923,8,5,2001,2002,0,1153,440,1593,1593,0,0,1593,286000
191,70,10570,8,8,1932,1994,0,297,556,853,1549,1178,0,2727,315000
192,60,7472,7,9,1972,2004,138,626,99,725,725,754,0,1479,184000
193,20,9017,7,5,1999,1999,0,560,871,1431,1431,0,0,1431,192000
194,160,2522,7,5,2004,2004,50,0,970,970,970,739,0,1709,130000
195,20,7180,5,7,1972,1972,0,390,474,864,864,0,0,864,127000
196,160,2280,6,6,1976,1976,0,566,289,855,855,601,0,1456,148500
197,20,9416,7,5,2007,2007,205,1126,600,1726,1726,0,0,1726,311872
198,75,25419,8,4,1918,1990,0,1036,140,1360,1360,1360,392,3112,235000
199,75,5520,6,6,1912,1950,0,0,755,755,929,929,371,2229,104000
200,20,9591,8,5,2004,2005,262,1088,625,1713,1713,0,0,1713,274900
201,20,8546,4,5,2003,2004,0,0,1121,1121,1121,0,0,1121,140000
202,20,10125,6,6,1977,1977,0,641,276,1196,1279,0,0,1279,171500
203,50,7000,6,6,1924,1950,0,617,0,617,865,445,0,1310,112000
204,120,4438,6,5,2004,2004,205,662,186,848,848,0,0,848,149000
205,50,3500,5,7,1947,1950,0,312,408,720,720,564,0,1284,110000
206,20,11851,7,5,1990,1990,0,0,1424,1424,1442,0,0,1442,180500
207,20,13673,5,5,1962,1962,0,0,1140,1140,1696,0,0,1696,143900
208,20,12493,4,5,1960,1960,0,419,375,1100,1100,0,0,1100,141000
209,60,14364,7,5,1988,1989,128,1065,92,1157,1180,882,0,2062,277000
210,20,8250,6,7,1964,1964,260,787,305,1092,1092,0,0,1092,145000
211,30,5604,5,6,1925,1950,0,468,396,864,864,0,0,864,98000
212,20,10420,6,5,2009,2009,0,36,1176,1212,1212,0,0,1212,186000
213,60,8640,7,5,2009,2009,0,822,78,900,932,920,0,1852,252678
214,20,13568,5,5,1995,1995,0,716,274,990,990,0,0,990,156000
215,60,10900,6,7,1977,1977,153,378,311,689,689,703,0,1392,161750
216,20,10011,5,6,1957,1996,64,360,710,1070,1236,0,0,1236,134450
217,20,8450,7,5,2004,2004,266,946,490,1436,1436,0,0,1436,210000
218,70,9906,4,4,1925,1950,0,0,686,686,810,518,0,1328,107000
219,50,15660,7,9,1939,2006,312,341,457,798,1137,817,0,1954,311500
220,120,3010,7,5,2005,2006,16,16,1232,1248,1248,0,0,1248,167240
221,20,8990,7,5,2006,2006,0,0,1498,1498,1498,0,0,1498,204900
222,60,8068,6,5,2002,2002,0,0,1010,1010,1010,1257,0,2267,200000
223,60,11475,6,6,1975,1975,0,550,163,713,811,741,0,1552,179900
224,20,10500,4,6,1971,1971,0,524,160,864,864,0,0,864,97000
225,20,13472,10,5,2003,2003,922,56,2336,2392,2392,0,0,2392,386250
226,160,1680,5,5,1971,1971,142,0,630,630,630,672,0,1302,112000
227,60,9950,7,5,1995,1995,290,565,638,1203,1214,1306,0,2520,290000
228,160,1869,6,6,1970,1970,127,321,162,483,483,504,0,987,106000
229,20,8521,5,5,1967,1967,0,842,70,912,912,0,0,912,125000
230,120,3182,7,5,2005,2006,16,16,1357,1373,1555,0,0,1555,192500
231,20,8760,6,6,1959,1959,220,0,1194,1194,1194,0,0,1194,148000
232,60,15138,8,5,1995,1996,506,689,773,1462,1490,1304,0,2794,403000
233,160,1680,6,5,1972,1972,297,0,483,483,483,504,0,987,94500
234,20,10650,5,6,1976,1976,0,182,0,894,894,0,0,894,128200
235,60,7851,6,5,2002,2002,NA,625,235,860,860,1100,0,1960,216500
236,160,1680,6,3,1971,1971,604,358,125,483,483,504,0,987,89500
237,20,8773,7,5,2004,2004,98,24,1390,1414,1414,0,0,1414,185500
238,60,9453,7,7,1993,2003,0,402,594,996,1014,730,0,1744,194500
239,20,12030,8,5,2007,2007,254,0,1694,1694,1694,0,0,1694,318000
240,50,8741,6,4,1945,1950,0,94,641,735,798,689,0,1487,113000
241,20,9000,8,5,2008,2008,36,1078,488,1566,1566,0,0,1566,262500
242,30,3880,5,9,1945,1997,0,329,357,686,866,0,0,866,110500
243,50,5000,5,4,1900,1950,0,0,540,540,889,551,0,1440,79000
244,160,10762,6,6,1980,1980,0,0,626,626,626,591,0,1217,120000
245,60,8880,7,5,1994,2002,0,695,253,948,1222,888,0,2110,205000
246,20,10400,7,5,1988,1988,102,929,916,1845,1872,0,0,1872,241500
247,190,9142,6,8,1910,1950,0,0,1020,1020,908,1020,0,1928,137000
248,20,11310,6,5,1954,1954,0,0,1367,1367,1375,0,0,1375,140000
249,60,11317,7,5,2003,2003,101,0,840,840,840,828,0,1668,180000
250,50,159000,6,7,1958,2006,472,697,747,1444,1444,700,0,2144,277000
251,30,5350,3,2,1940,1966,0,0,728,728,1306,0,0,1306,76500
252,120,4750,8,5,2006,2007,481,1573,0,1573,1625,0,0,1625,235000
253,60,8366,6,5,2004,2004,0,0,798,798,798,842,0,1640,173000
254,80,9350,6,7,1964,1991,108,270,452,1302,1302,0,0,1302,158000
255,20,8400,5,6,1957,1957,0,922,392,1314,1314,0,0,1314,145000
256,60,8738,7,5,1999,1999,302,0,975,975,1005,1286,0,2291,230000
257,60,8791,6,5,2003,2003,0,503,361,864,864,864,0,1728,207500
258,20,8814,7,5,2006,2006,180,1334,270,1604,1604,0,0,1604,220000
259,60,12435,7,5,2001,2001,172,361,602,963,963,829,0,1792,231500
260,20,12702,5,5,1956,1956,0,0,0,0,882,0,0,882,97000
261,80,19296,6,5,1962,1962,399,672,0,1362,1382,0,0,1382,176000
262,60,9588,8,5,2007,2007,270,0,1482,1482,1482,1092,0,2574,276000
263,80,8471,6,7,1977,1995,46,506,0,506,1212,0,0,1212,151000
264,50,5500,5,7,1929,2001,0,234,0,926,926,0,390,1316,130000
265,30,5232,5,5,1925,2004,0,0,680,680,764,0,0,764,73000
266,20,12090,6,6,1981,1981,210,588,606,1422,1422,0,0,1422,175500
267,60,11207,6,5,1997,1997,0,714,88,802,802,709,0,1511,185000
268,75,8400,5,8,1939,1997,0,378,342,720,1052,720,420,2192,179500
269,30,6900,5,6,1940,1955,0,403,212,740,778,0,0,778,120500
270,20,7917,6,7,1976,1976,174,751,392,1143,1113,0,0,1113,148000
271,60,10728,8,5,2006,2006,0,0,1095,1095,1095,844,0,1939,266000
272,20,39104,7,7,1954,2005,0,226,96,1385,1363,0,0,1363,241500
273,60,11764,8,7,1999,2007,348,524,628,1152,1164,1106,0,2270,290000
274,20,9600,6,6,1958,1988,183,620,0,1240,1632,0,0,1632,139000
275,20,8314,5,7,1982,1982,0,546,270,816,816,0,0,816,124500
276,50,7264,7,7,1925,2007,0,0,952,952,952,596,0,1548,205000
277,20,9196,7,5,2003,2003,0,0,1560,1560,1560,0,0,1560,201000
278,20,19138,4,5,1951,1951,0,120,744,864,864,0,0,864,141000
279,20,14450,9,5,2006,2007,315,0,2121,2121,2121,0,0,2121,415298
280,60,10005,7,5,1977,1977,299,392,768,1160,1156,866,0,2022,192000
281,60,11287,7,6,1989,1989,340,421,386,807,1175,807,0,1982,228500
282,20,7200,6,5,2006,2006,68,905,357,1262,1262,0,0,1262,185000
283,120,5063,7,5,2007,2008,166,904,410,1314,1314,0,0,1314,207500
284,20,9612,8,5,2008,2009,72,0,1468,1468,1468,0,0,1468,244600
285,120,8012,6,5,1992,1992,0,430,1145,1575,1575,0,0,1575,179200
286,160,4251,7,5,2006,2007,0,0,625,625,625,625,0,1250,164700
287,50,9786,6,7,1962,1981,0,600,312,912,1085,649,0,1734,159000
288,20,8125,4,4,1971,1971,0,614,244,858,858,0,0,858,88000
289,20,9819,5,5,1967,1967,31,450,432,882,900,0,0,900,122000
290,70,8730,6,7,1915,2003,0,0,698,698,698,698,0,1396,153575
291,60,15611,8,5,2006,2006,0,0,1079,1079,1079,840,0,1919,233230
292,190,5687,5,6,1912,2000,0,210,570,780,936,780,0,1716,135900
293,50,11409,5,4,1949,2008,0,292,476,768,1148,568,0,1716,131000
294,60,16659,7,7,1977,1994,34,795,0,795,1468,795,0,2263,235000
295,20,9600,6,5,1953,1953,238,1285,131,1416,1644,0,0,1644,167000
296,80,7937,6,6,1984,1984,0,819,184,1003,1003,0,0,1003,142500
297,50,13710,5,5,1950,1950,0,420,490,910,910,648,0,1558,152000
298,60,7399,7,5,1997,1998,1600,649,326,975,975,975,0,1950,239000
299,60,11700,6,6,1968,1968,365,384,143,702,1041,702,0,1743,175000
300,20,14000,6,8,1950,2004,0,0,1092,1092,1152,0,0,1152,158500
301,190,15750,5,5,1953,1953,56,841,324,1165,1336,0,0,1336,157000
302,60,16226,8,5,1998,1999,0,281,747,1028,1210,1242,0,2452,267000
303,20,13704,7,5,2001,2002,150,0,1541,1541,1541,0,0,1541,205000
304,20,9800,5,7,1972,1972,0,894,0,894,894,0,0,894,149900
305,75,18386,7,9,1880,2002,0,0,1470,1470,1675,1818,0,3493,295000
306,20,10386,8,5,2004,2005,246,1464,536,2000,2000,0,0,2000,305900
307,60,13474,7,5,1990,1991,246,700,0,700,1122,1121,0,2243,225000
308,50,7920,6,7,1920,1950,0,0,319,319,1035,371,0,1406,89500
309,30,12342,4,5,1940,1950,0,262,599,861,861,0,0,861,82500
310,20,12378,9,5,2003,2004,0,1274,622,1896,1944,0,0,1944,360000
311,60,7685,6,5,1993,1994,112,518,179,697,697,804,0,1501,165600
312,20,8000,6,6,1948,2002,0,680,292,972,972,0,0,972,132000
313,190,7800,5,7,1939,1950,0,507,286,793,793,325,0,1118,119900
314,20,215245,7,5,1965,1965,0,1236,80,2136,2036,0,0,2036,375000
315,70,9600,7,7,1925,1990,0,16,712,728,832,809,0,1641,178000
316,60,7795,7,5,2004,2005,0,425,291,716,716,716,0,1432,188500
317,60,13005,7,7,1980,1980,278,692,153,845,1153,1200,0,2353,260000
318,60,9000,8,5,2006,2006,0,0,1088,1088,1088,871,0,1959,270000
319,60,9900,7,5,1993,1993,256,987,360,1347,1372,1274,0,2646,260000
320,80,14115,7,5,1980,1980,225,1036,336,1372,1472,0,0,1472,187500
321,60,16259,9,5,2006,2006,370,0,1249,1249,1249,1347,0,2596,342643
322,60,12099,8,5,2004,2004,388,970,166,1136,1136,1332,0,2468,354000
323,60,10380,7,5,1986,1987,172,28,0,1502,1553,1177,0,2730,301000
324,20,5820,3,8,1955,2005,0,256,906,1162,1163,0,0,1163,126175
325,80,11275,7,7,1967,2007,300,0,710,710,1898,1080,0,2978,242000
326,45,5000,5,6,1941,1950,0,116,604,720,803,0,0,803,87000
327,120,10846,8,5,1993,1993,0,1619,100,1719,1719,0,0,1719,324000
328,20,11600,6,5,1960,1960,175,565,818,1383,1383,0,0,1383,145250
329,75,11888,6,6,1916,1994,0,0,844,844,1445,689,0,2134,214500
330,70,6402,5,5,1920,1950,0,0,596,596,596,596,0,1192,78000
331,90,10624,5,4,1964,1964,84,40,1424,1728,1728,0,0,1728,119000
332,20,8176,5,6,1958,1992,0,846,210,1056,1056,0,0,1056,139000
333,20,10655,8,5,2003,2004,296,1124,1603,3206,1629,0,0,1629,284000
334,120,8198,7,5,2004,2004,146,720,638,1358,1358,0,0,1358,207000
335,60,9042,6,5,1998,1998,0,828,115,943,943,695,0,1638,192000
336,190,164660,5,6,1965,1965,0,1249,103,1499,1619,167,0,1786,228950
337,20,14157,9,5,2005,2006,200,1249,673,1922,1922,0,0,1922,377426
338,20,9135,7,5,2002,2003,113,810,726,1536,1536,0,0,1536,214000
339,20,14145,7,7,1984,1998,0,213,995,1208,1621,0,0,1621,202500
340,20,12400,6,7,1958,1998,176,585,630,1215,1215,0,0,1215,155000
341,60,14191,8,5,2002,2002,0,0,967,967,993,915,0,1908,202900
342,20,8400,4,4,1950,1950,0,0,721,721,841,0,0,841,82000
343,90,8544,3,4,1949,1950,340,0,0,0,1040,0,0,1040,87500
344,120,8849,9,5,2005,2005,616,28,1656,1684,1684,0,0,1684,266000
345,160,2592,5,3,1976,1976,0,129,175,536,536,576,0,1112,85000
346,50,6435,6,5,1939,1950,0,0,972,972,972,605,0,1577,140200
347,20,12772,6,8,1960,1998,0,498,460,958,958,0,0,958,151500
348,20,17600,6,5,1960,1960,30,1270,208,1478,1478,0,0,1478,157500
349,160,2448,7,5,2003,2004,106,573,191,764,764,862,0,1626,154000
350,60,20431,9,5,2005,2006,870,1410,438,1848,1848,880,0,2728,437154
351,120,7820,9,5,2007,2007,362,0,1869,1869,1869,0,0,1869,318061
352,120,5271,7,5,1986,1986,0,1082,371,1453,1453,0,0,1453,190000
353,50,9084,5,6,1941,1950,0,236,0,616,616,495,0,1111,95000
354,30,8520,6,8,1928,2003,0,0,624,624,720,0,0,720,105900
355,50,8400,6,5,1940,2000,0,388,552,940,1192,403,0,1595,140000
356,20,11249,6,5,1995,1995,0,334,322,1200,1200,0,0,1200,177500
357,20,9248,6,6,1992,1992,106,560,598,1158,1167,0,0,1167,173000
358,120,4224,5,5,1976,1976,0,874,268,1142,1142,0,0,1142,134000
359,80,6930,5,4,1958,1958,120,300,468,1062,1352,0,0,1352,130000
360,60,12011,8,5,1998,1998,530,956,130,1086,1086,838,0,1924,280000
361,85,7540,6,6,1978,1978,0,773,115,888,912,0,0,912,156000
362,50,9144,5,5,1940,1982,0,399,484,883,988,517,0,1505,145000
363,85,7301,7,5,2003,2003,500,0,0,0,495,1427,0,1922,198500
364,160,1680,6,8,1972,2007,510,162,321,483,483,504,0,987,118000
365,60,18800,6,5,1976,1976,120,712,84,796,790,784,0,1574,190000
366,70,10690,5,7,1920,1997,0,456,216,672,672,672,0,1344,147000
367,20,9500,6,5,1963,1963,247,609,785,1394,1394,0,0,1394,159000
368,80,9150,6,5,1962,1962,305,371,728,1099,1431,0,0,1431,165000
369,20,7800,5,6,1954,1954,200,540,728,1268,1268,0,0,1268,132000
370,20,9830,5,7,1959,2006,0,72,733,1063,1287,0,0,1287,162000
371,60,8121,6,5,2000,2000,0,0,953,953,953,711,0,1664,172400
372,50,17120,4,4,1959,1959,0,0,0,0,1120,468,0,1588,134432
373,120,7175,6,5,1984,1984,0,623,0,744,752,0,0,752,125000
374,20,10634,5,6,1953,1953,0,428,0,608,1319,0,0,1319,123000
375,60,8200,7,5,2003,2004,0,0,847,847,847,1081,0,1928,219500
376,30,10020,1,1,1922,1950,0,350,333,683,904,0,0,904,61000
377,85,8846,5,5,1996,1996,0,298,572,870,914,0,0,914,148000
378,60,11143,8,5,2004,2005,0,0,1580,1580,1580,886,0,2466,340000
379,20,11394,9,2,2010,2010,350,1445,411,1856,1856,0,0,1856,394432
380,60,8123,6,5,2000,2000,16,0,982,982,1007,793,0,1800,179000
381,50,5000,5,6,1924,1950,0,218,808,1026,1026,665,0,1691,127000
382,20,7200,7,5,2006,2006,0,0,1293,1293,1301,0,0,1301,187750
383,60,9245,7,5,2006,2006,0,0,939,939,939,858,0,1797,213500
384,45,9000,6,3,1928,1950,0,0,784,784,784,0,0,784,76000
385,60,53107,6,5,1992,1992,0,985,595,1580,1079,874,0,1953,240000
386,120,3182,8,5,2004,2005,16,24,1232,1256,1269,0,0,1269,192000
387,50,8410,5,3,1910,1996,0,0,658,658,658,526,0,1184,81000
388,80,7200,6,6,1976,1976,255,631,410,1041,1125,0,0,1125,125000
389,20,9382,7,5,1999,2000,125,0,1468,1468,1479,0,0,1479,191000
390,60,12474,10,5,2007,2008,272,1280,402,1682,1742,590,0,2332,426000
391,50,8405,5,8,1900,1950,0,241,229,861,961,406,0,1367,119000
392,60,12209,6,5,2001,2002,0,690,114,804,804,1157,0,1961,215000
393,20,8339,5,7,1959,1959,0,0,0,0,882,0,0,882,106500
394,30,7446,4,5,1941,1950,0,266,522,788,788,0,0,788,100000
395,50,10134,5,6,1940,1950,0,0,735,735,735,299,0,1034,109000
396,20,9571,5,6,1956,1956,0,739,405,1144,1144,0,0,1144,129000
397,20,7200,5,5,1972,1972,0,777,117,894,894,0,0,894,123000
398,60,7590,5,5,1962,1962,288,540,324,864,876,936,0,1812,169500
399,30,8967,5,2,1920,1950,0,0,961,961,1077,0,0,1077,67000
400,60,8125,7,5,2006,2007,100,812,280,1092,1112,438,0,1550,241000
401,120,14963,8,5,1996,1996,0,786,474,1260,1288,0,0,1288,245500
402,20,8767,7,5,2005,2005,0,24,1286,1310,1310,0,0,1310,164990
403,30,10200,5,8,1940,1997,0,0,672,672,672,0,0,672,108000
404,60,12090,8,5,1998,1998,650,0,1141,1141,1165,1098,0,2263,258000
405,60,10364,6,5,1995,1996,0,0,806,806,806,766,0,1572,168000
406,20,9991,4,4,1976,1993,0,1116,165,1281,1620,0,0,1620,150000
407,50,10480,6,5,1936,1950,0,0,1064,1064,1166,0,473,1639,115000
408,70,15576,6,7,1915,1976,0,0,840,840,840,840,0,1680,177000
409,60,14154,7,5,2006,2006,350,0,1063,1063,1071,1101,0,2172,280000
410,60,10800,8,5,2007,2008,100,789,245,1034,1050,1028,0,2078,339750
411,20,9571,5,3,1958,1958,0,0,1276,1276,1276,0,0,1276,60000
412,190,34650,5,5,1955,1955,0,1056,0,1056,1056,0,0,1056,145000
413,20,4403,7,5,2009,2009,432,578,892,1470,1478,0,0,1478,222000
414,30,8960,5,6,1927,1950,0,0,1008,1008,1028,0,0,1028,115000
415,60,11228,7,5,1993,1993,0,50,499,1080,1080,1017,0,2097,228000
416,20,8899,7,5,2007,2007,0,24,1316,1340,1340,0,0,1340,181134
417,60,7844,6,7,1978,1978,203,209,463,672,672,728,0,1400,149500
418,70,22420,6,6,1918,1950,0,1128,242,1370,1370,1254,0,2624,239000
419,50,8160,5,6,1940,1950,0,312,444,756,756,378,0,1134,126000
420,20,8450,5,6,1968,1968,0,775,281,1056,1056,0,0,1056,142000
421,90,7060,7,5,1997,1998,200,1309,35,1344,1344,0,0,1344,206300
422,20,16635,6,7,1977,2000,126,1246,356,1602,1602,0,0,1602,215000
423,20,21750,5,5,1954,1954,0,0,988,988,988,0,0,988,113000
424,60,9200,8,5,1998,1998,473,986,484,1470,1470,1160,0,2630,315000
425,20,9000,6,5,1956,1956,74,616,580,1196,1196,0,0,1196,139000
426,60,3378,7,8,1946,1992,0,0,651,651,707,682,0,1389,135000
427,80,12800,7,5,1989,1989,145,1518,0,1518,1644,0,0,1644,275000
428,20,8593,4,6,1957,1957,0,288,619,907,907,0,0,907,109008
429,20,6762,7,5,2007,2007,108,664,544,1208,1208,0,0,1208,195400
430,20,11457,6,5,1988,1988,0,1005,387,1392,1412,0,0,1412,175000
431,160,1680,6,5,1971,1971,232,387,96,483,483,504,0,987,85400
432,50,5586,6,7,1920,1998,0,0,901,901,1088,110,0,1198,79900
433,160,1920,5,5,1971,1971,376,471,294,765,765,600,0,1365,122500
434,60,10839,6,5,1997,1998,0,0,926,926,926,678,0,1604,181000
435,180,1890,4,7,1972,1972,0,495,135,630,630,0,0,630,81000
436,60,10667,7,6,1996,1996,0,385,70,799,827,834,0,1661,212000
437,50,4400,6,8,1920,1950,0,0,648,648,734,384,0,1118,116000
438,45,6000,6,7,1926,2004,0,0,884,884,904,0,0,904,119000
439,30,4280,5,6,1913,2002,0,365,75,440,694,0,0,694,90350
440,50,12354,6,8,1920,2000,0,0,684,684,684,512,0,1196,110000
441,20,15431,10,5,2008,2008,200,1767,788,3094,2402,0,0,2402,555000
442,90,12108,4,4,1955,1955,270,133,1307,1440,1440,0,0,1440,118000
443,50,6240,5,7,1930,1992,0,0,1078,1078,1128,445,0,1573,162900
444,120,3922,7,5,2006,2007,72,0,1258,1258,1258,0,0,1258,172500
445,60,8750,7,5,1994,1995,0,642,273,915,933,975,0,1908,210000
446,20,9855,6,5,1956,1956,0,0,1436,1436,1689,0,0,1689,127500
447,20,16492,6,6,1966,2002,0,247,557,1517,1888,0,0,1888,190000
448,60,11214,7,5,1998,1999,0,0,930,930,956,930,0,1886,199900
449,50,8600,6,6,1937,1950,0,0,780,780,780,596,0,1376,119500
450,50,6000,3,7,1948,2002,0,331,318,649,679,504,0,1183,120000
451,30,5684,6,8,1930,2005,0,0,813,813,813,0,0,813,110000
452,20,70761,7,5,1975,1975,0,655,878,1533,1533,0,0,1533,280000
453,60,9303,6,5,1996,1997,42,742,130,872,888,868,0,1756,204000
454,60,9000,8,5,2008,2008,0,0,768,768,786,804,0,1590,210000
455,90,9297,5,5,1976,1976,0,1606,122,1728,1728,0,0,1728,188000
456,20,9600,7,6,1973,1973,320,916,326,1242,1242,0,0,1242,175500
457,70,4571,5,5,1916,1950,0,0,624,624,624,720,0,1344,98000
458,20,53227,4,6,1954,1994,0,1116,248,1364,1663,0,0,1663,256000
459,70,5100,8,7,1925,1996,0,0,588,588,833,833,0,1666,161000
460,50,7015,5,4,1950,1950,161,185,524,709,979,224,0,1203,110000
461,60,8004,8,5,2009,2009,110,544,288,832,832,1103,0,1935,263435
462,70,7200,7,9,1936,2007,0,350,0,560,575,560,0,1135,155000
463,20,8281,5,5,1965,1965,0,553,0,864,864,0,0,864,62383
464,70,11988,6,7,1934,1995,0,326,389,715,849,811,0,1660,188700
465,20,8430,5,5,1978,1978,136,616,424,1040,1040,0,0,1040,124000
466,120,3072,7,5,2004,2004,18,0,1375,1375,1414,0,0,1414,178740
467,20,10628,7,5,1970,1970,0,778,499,1277,1277,0,0,1277,167000
468,70,9480,5,7,1942,1995,224,386,342,728,888,756,0,1644,146500
469,20,11428,8,5,2006,2006,248,0,1626,1626,1634,0,0,1634,250000
470,60,9291,6,5,1993,1993,120,426,406,832,832,878,0,1710,187000
471,120,6820,8,5,1985,1985,0,368,0,1488,1502,0,0,1502,212000
472,60,11952,7,6,1977,1977,0,0,808,808,1161,808,0,1969,190000
473,180,3675,6,5,2005,2005,80,459,88,547,1072,0,0,1072,148000
474,20,14977,8,5,2006,2007,304,1350,626,1976,1976,0,0,1976,440000
475,120,5330,8,5,2000,2000,0,1196,298,1494,1652,0,0,1652,251000
476,20,8480,5,6,1963,1963,0,630,340,970,970,0,0,970,132500
477,20,13125,6,5,1997,1998,215,994,484,1478,1493,0,0,1493,208900
478,60,13693,9,5,2006,2006,772,0,2153,2153,2069,574,0,2643,380000
479,20,10637,8,5,2007,2008,336,1288,417,1705,1718,0,0,1718,297000
480,30,5925,4,7,1937,2000,435,168,739,907,1131,0,0,1131,89471
481,20,16033,9,5,2004,2005,378,1261,572,1833,1850,0,0,1850,326000
482,20,11846,9,5,2003,2004,562,1567,225,1792,1792,0,0,1792,374000
483,70,2500,7,8,1915,2005,0,299,611,910,916,910,0,1826,155000
484,120,4500,6,5,1998,1998,116,897,319,1216,1216,0,0,1216,164000
485,20,7758,5,7,1962,2001,0,588,411,999,999,0,0,999,132500
486,20,9600,5,7,1950,2007,0,607,506,1113,1113,0,0,1113,147000
487,20,10289,5,7,1965,1965,168,836,237,1073,1073,0,0,1073,156000
488,20,12243,5,6,1971,1971,0,998,486,1484,1484,0,0,1484,175000
489,190,10800,5,4,1900,1970,0,664,290,954,1766,648,0,2414,160000
490,180,1526,4,8,1970,2002,0,515,115,630,630,0,0,630,86000
491,160,2665,5,6,1976,1976,0,0,264,264,616,688,0,1304,115000
492,50,9490,6,7,1941,1950,0,403,238,806,958,620,0,1578,133000
493,60,15578,6,5,2006,2006,0,0,728,728,728,728,0,1456,172785
494,20,7931,5,6,1960,1960,0,374,363,1269,1269,0,0,1269,155000
495,30,5784,5,8,1938,1996,0,0,190,190,886,0,0,886,91300
496,30,7879,4,5,1920,1950,0,495,225,720,720,0,0,720,34900
497,20,12692,8,5,1992,1993,0,1231,1969,3200,3228,0,0,3228,430000
498,50,9120,7,6,1925,1950,0,329,697,1026,1133,687,0,1820,184000
499,20,7800,5,7,1967,2004,89,450,414,864,899,0,0,899,130000
500,20,7535,5,7,1958,1985,0,111,522,912,912,0,0,912,120000
501,160,1890,6,5,1973,1973,285,356,316,672,672,546,0,1218,113000
502,60,9803,7,5,2005,2005,0,400,466,866,866,902,0,1768,226700
503,20,9170,5,7,1965,1965,0,698,420,1214,1214,0,0,1214,140000
504,20,15602,7,8,1959,1997,0,1247,254,1501,1801,0,0,1801,289000
505,160,2308,6,5,1974,1974,0,257,103,855,855,467,0,1322,147000
506,90,7596,5,5,1952,1952,360,0,960,960,960,1000,0,1960,124500
507,60,9554,8,5,1993,1994,125,380,397,777,1065,846,0,1911,215000
508,20,7862,6,5,2009,2009,0,27,1191,1218,1218,0,0,1218,208300
509,70,9600,7,9,1928,2005,0,141,548,689,689,689,0,1378,161000
510,20,9600,5,6,1959,1959,132,991,50,1041,1041,0,0,1041,124500
511,20,14559,5,7,1951,2000,70,650,178,1008,1363,0,0,1363,164900
512,120,6792,7,5,2005,2006,94,0,1368,1368,1368,0,0,1368,202665
513,20,9100,5,5,1958,1958,0,521,169,864,864,0,0,864,129900
514,20,9187,6,5,1983,1983,0,336,748,1084,1080,0,0,1080,134000
515,45,10594,5,5,1926,1950,0,0,768,768,789,0,0,789,96500
516,20,12220,10,5,2009,2009,305,1436,570,2006,2020,0,0,2020,402861
517,80,10448,6,6,1972,1972,333,0,689,689,1378,741,0,2119,158000
518,60,10208,7,5,1996,1997,921,0,1264,1264,1277,1067,0,2344,265000
519,60,9531,6,5,1998,1998,0,706,88,794,882,914,0,1796,211000
520,70,10918,7,9,1926,2004,0,0,1276,1276,1276,804,0,2080,234000
521,190,10800,4,7,1900,2000,0,0,0,0,694,600,0,1294,106250
522,20,11988,6,6,1957,1957,0,777,467,1244,1244,0,0,1244,150000
523,50,5000,6,7,1947,1950,0,399,605,1004,1004,660,0,1664,159000
524,60,40094,10,5,2007,2008,762,2260,878,3138,3138,1538,0,4676,184750
525,60,11787,7,5,1996,1997,594,719,660,1379,1383,1015,0,2398,315750
526,20,7500,7,5,2005,2005,0,0,1257,1257,1266,0,0,1266,176000
527,20,13300,5,7,1956,2000,0,377,551,928,928,0,0,928,132000
528,60,14948,9,5,2008,2008,268,1330,122,1452,1476,1237,0,2713,446261
529,30,9098,4,7,1920,2002,0,348,180,528,605,0,0,605,86000
530,20,32668,6,3,1957,1975,NA,1219,816,2035,2515,0,0,2515,200624
531,80,10200,6,5,1988,1989,219,783,678,1461,1509,0,0,1509,175000
532,70,6155,6,8,1920,1999,0,0,611,611,751,611,0,1362,128000
533,20,7200,5,7,1955,2007,0,0,0,0,827,0,0,827,107500
534,20,5000,1,3,1946,1950,0,0,0,0,334,0,0,334,39300
535,60,9056,8,5,2004,2004,0,0,707,707,707,707,0,1414,178000
536,190,7000,5,7,1910,1991,0,969,148,1117,820,527,0,1347,107500
537,60,8924,7,5,1998,1999,0,0,880,880,880,844,0,1724,188000
538,20,12735,4,5,1972,1972,0,600,264,864,864,0,0,864,111250
539,20,11553,5,5,1968,1968,188,673,378,1051,1159,0,0,1159,158000
540,20,11423,8,5,2001,2002,479,1358,223,1581,1601,0,0,1601,272000
541,20,14601,9,5,2006,2006,584,1260,578,1838,1838,0,0,1838,315000
542,60,11000,8,5,2000,2000,72,0,969,969,997,1288,0,2285,248000
543,20,10140,7,5,1998,1999,0,144,379,1650,1680,0,0,1680,213250
544,120,4058,7,5,1998,1998,182,584,0,723,767,0,0,767,133000
545,60,17104,7,5,2006,2006,0,554,100,654,664,832,0,1496,179665
546,50,13837,7,5,1988,1988,178,1002,0,1204,1377,806,0,2183,229000
547,50,8737,6,7,1923,1950,0,300,765,1065,915,720,0,1635,210000
548,85,7244,5,7,1970,1970,0,619,149,768,768,0,0,768,129500
549,20,8235,5,7,1955,1995,0,180,0,825,825,0,0,825,125000
550,60,9375,7,5,2003,2004,0,0,912,912,912,1182,0,2094,263000
551,120,4043,6,6,1977,1977,0,559,510,1069,1069,0,0,1069,140000
552,20,6000,5,6,1957,1957,0,308,620,928,928,0,0,928,112500
553,20,11146,8,5,2006,2006,250,0,1709,1709,1717,0,0,1717,255500
554,20,8777,4,5,1949,2003,0,0,0,0,1126,0,0,1126,108000
555,60,10625,7,5,2003,2004,292,866,132,998,1006,1040,0,2046,284000
556,45,6380,5,6,1922,1950,0,0,993,993,1048,0,0,1048,113000
557,20,14850,5,5,1957,1957,0,895,197,1092,1092,0,0,1092,141000
558,50,11040,4,6,1920,1950,0,637,0,637,897,439,0,1336,108000
559,60,21872,7,5,1996,1997,0,604,125,729,729,717,0,1446,175000
560,120,3196,7,5,2003,2004,18,0,1374,1374,1557,0,0,1557,234000
561,20,11341,5,6,1957,1996,180,1302,90,1392,1392,0,0,1392,121500
562,20,10010,5,5,1974,1975,0,1071,195,1389,1389,0,0,1389,170000
563,30,13907,5,6,1940,1969,0,290,706,996,996,0,0,996,108000
564,50,21780,6,7,1918,1950,0,0,1163,1163,1163,511,0,1674,185000
565,60,13346,7,5,1992,2000,0,728,367,1095,1166,1129,0,2295,268000
566,70,6858,6,4,1915,1950,0,0,806,806,841,806,0,1647,128000
567,60,11198,9,5,2005,2007,245,0,1122,1122,1134,1370,0,2504,325000
568,20,10171,7,5,2004,2004,168,2,1515,1517,1535,0,0,1535,214000
569,50,12327,8,8,1983,2009,0,1441,55,1496,1496,636,0,2132,316600
570,90,7032,5,5,1979,1979,0,943,0,943,943,0,0,943,135960
571,90,13101,5,5,1965,1965,108,231,1497,1728,1728,0,0,1728,142600
572,20,7332,6,6,1959,1959,207,414,450,864,864,0,0,864,120000
573,60,13159,7,5,2009,2009,0,0,846,846,846,846,0,1692,224500
574,80,9967,7,5,2000,2000,0,0,384,384,774,656,0,1430,170000
575,80,10500,5,7,1971,2005,82,349,23,372,576,533,0,1109,139000
576,50,8480,5,5,1947,1950,0,442,390,832,832,384,0,1216,118500
577,50,6292,7,7,1928,1950,0,0,861,861,877,600,0,1477,145000
578,80,11777,5,6,1966,1966,97,328,285,1164,1320,0,0,1320,164500
579,160,3604,7,5,2007,2007,0,0,689,689,703,689,0,1392,146000
580,50,12150,5,5,1954,1954,335,0,1050,1050,1050,745,0,1795,131500
581,20,14585,6,6,1960,1987,85,594,331,1144,1429,0,0,1429,181900
582,20,12704,8,5,2008,2009,306,0,2042,2042,2042,0,0,2042,253293
583,90,11841,6,5,1990,1990,104,816,0,816,816,0,0,816,118500
584,75,13500,10,9,1893,2000,0,0,1237,1237,1521,1254,0,2775,325000
585,50,6120,4,7,1935,1995,0,0,884,884,989,584,0,1573,133000
586,20,11443,8,5,2005,2006,208,1460,408,1868,2028,0,0,2028,369900
587,30,10267,6,7,1918,2000,0,210,0,816,838,0,0,838,130000
588,85,8740,5,6,1982,1982,0,672,168,840,860,0,0,860,137000
589,20,25095,5,8,1968,2003,0,1324,113,1437,1473,0,0,1473,143000
590,40,9100,5,6,1930,1960,0,0,742,742,779,0,156,935,79500
591,60,8320,7,5,2004,2004,0,490,280,770,770,812,0,1582,185900
592,60,13478,10,5,2008,2008,420,1338,384,1722,1728,568,0,2296,451950
593,20,6600,5,8,1982,2003,0,816,0,816,816,0,0,816,138000
594,120,4435,6,5,2003,2003,170,685,163,848,848,0,0,848,140000
595,20,7990,5,6,1975,1975,0,0,924,924,924,0,0,924,110000
596,20,11302,8,5,2005,2006,238,1422,392,1814,1826,0,0,1826,319000
597,70,3600,6,7,1910,1993,0,0,684,684,684,684,0,1368,114504
598,120,3922,7,5,2006,2007,72,0,1258,1258,1402,0,0,1402,194201
599,20,12984,5,6,1977,1977,459,1283,0,1430,1647,0,0,1647,217500
600,160,1950,6,6,1980,1980,0,81,23,716,716,840,0,1556,151000
601,60,10927,8,5,2005,2005,280,546,512,1058,1058,846,0,1904,275000
602,50,9000,6,6,1937,1950,0,0,780,780,780,595,0,1375,141000
603,60,10041,8,5,1992,1992,0,789,119,908,927,988,0,1915,220000
604,160,3182,7,5,2004,2005,0,0,600,600,600,600,0,1200,151000
605,20,12803,7,5,2002,2002,99,922,572,1494,1494,0,0,1494,221000
606,60,13600,7,6,1965,1990,176,454,314,768,1186,800,0,1986,205000
607,20,12464,5,5,1996,1996,0,732,308,1040,1040,0,0,1040,152000
608,20,7800,5,8,1948,2002,0,603,293,896,1112,896,0,2008,225000
609,70,12168,8,6,1934,1998,0,428,537,965,1940,1254,0,3194,359100
610,20,7943,4,5,1961,1961,192,903,126,1029,1029,0,0,1029,118500
611,60,11050,9,5,2000,2000,204,904,536,1440,1476,677,0,2153,313000
612,80,10395,6,6,1978,1978,233,605,427,1032,1032,0,0,1032,148000
613,60,11885,8,5,2001,2001,108,990,309,1299,1299,573,0,1872,261500
614,20,8402,5,5,2007,2007,0,206,914,1120,1120,0,0,1120,147000
615,180,1491,4,6,1972,1972,0,150,0,630,630,0,0,630,75500
616,85,8800,6,7,1963,1963,156,763,173,936,1054,0,0,1054,137500
617,60,7861,6,5,2002,2003,0,457,326,783,807,702,0,1509,183200
618,45,7227,6,6,1954,1954,0,0,832,832,832,0,0,832,105500
619,20,11694,9,5,2007,2007,452,48,1774,1822,1828,0,0,1828,314813
620,60,12244,8,5,2003,2003,226,871,611,1482,1482,780,0,2262,305000
621,30,8248,3,3,1914,1950,0,41,823,864,864,0,0,864,67000
622,60,10800,6,7,1974,1997,0,956,384,1522,1548,1066,0,2614,240000
623,20,7064,5,6,1977,1977,153,560,420,980,980,0,0,980,135000
624,160,2117,6,5,2000,2000,513,420,336,756,756,756,0,1512,168500
625,60,10400,6,5,1972,1972,288,247,485,732,1012,778,0,1790,165150
626,20,10000,6,6,1962,1962,261,0,1116,1116,1116,0,0,1116,160000
627,20,12342,5,5,1960,1978,0,0,978,978,1422,0,0,1422,139900
628,80,9600,6,6,1955,1972,164,674,350,1156,1520,0,0,1520,153000
629,60,11606,5,5,1969,1969,192,650,390,1040,1040,1040,0,2080,135000
630,80,9020,6,5,1964,1964,259,624,288,1248,1350,0,0,1350,168500
631,70,9000,5,6,1880,1991,0,0,636,636,1089,661,0,1750,124000
632,120,4590,8,5,2006,2006,108,24,1530,1554,1554,0,0,1554,209500
633,20,11900,7,5,1977,1977,209,822,564,1386,1411,0,0,1411,82500
634,20,9250,5,7,1954,2005,0,480,108,1056,1056,0,0,1056,139400
635,90,6979,6,5,1980,1980,0,1056,0,1056,1056,0,0,1056,144000
636,190,10896,6,7,1914,1995,0,256,1184,1440,1440,1440,515,3395,200000
637,30,6120,2,3,1936,1950,0,0,264,264,800,0,0,800,60000
638,190,6000,5,4,1954,1954,0,0,811,811,811,576,0,1387,93000
639,30,8777,5,7,1910,1950,0,0,796,796,796,0,0,796,85000
640,120,3982,8,5,2006,2006,0,1154,366,1520,1567,0,0,1567,264561
641,120,12677,8,5,2003,2004,472,1218,300,1518,1518,0,0,1518,274000
642,60,7050,7,5,2001,2001,0,738,319,1057,1057,872,0,1929,226000
643,80,13860,8,7,1972,1995,0,1410,542,1952,2000,704,0,2704,345000
644,60,10793,5,5,1969,1969,263,493,0,780,780,840,0,1620,152000
645,20,9187,9,5,2009,2009,162,1121,645,1766,1766,0,0,1766,370878
646,20,10530,6,5,1971,1971,0,282,664,981,981,0,0,981,143250
647,20,7200,5,5,1950,1950,0,0,0,0,1048,0,0,1048,98300
648,20,10452,6,5,1953,1953,216,500,594,1094,1094,0,0,1094,155000
649,60,7700,6,5,1966,1966,351,0,756,756,1051,788,0,1839,155000
650,180,1936,4,6,1970,1970,0,131,0,630,630,0,0,630,84500
651,60,8125,7,6,2007,2007,NA,0,813,813,822,843,0,1665,205950
652,70,9084,4,5,1940,1950,0,0,755,755,755,755,0,1510,108000
653,60,8750,7,5,1996,1996,0,0,880,880,909,807,0,1716,191000
654,50,10320,6,7,1906,1995,0,0,756,756,756,713,0,1469,135000
655,20,10437,8,6,1995,1995,660,1696,413,2109,2113,0,0,2113,350000
656,160,1680,6,5,1971,1971,381,0,525,525,525,567,0,1092,88000
657,20,10007,5,7,1959,2006,54,806,247,1053,1053,0,0,1053,145500
658,70,7200,7,6,1931,2000,0,0,776,776,851,651,0,1502,149000
659,50,17503,6,5,1948,1950,0,0,912,912,912,546,0,1458,97500
660,20,9937,5,7,1964,1999,0,637,849,1486,1486,0,0,1486,167000
661,60,12384,7,7,1976,1976,233,0,793,793,1142,793,0,1935,197900
662,60,46589,8,7,1994,2005,528,1361,88,1629,1686,762,0,2448,402000
663,20,13560,6,3,1968,1968,216,0,1392,1392,1392,0,0,1392,110000
664,85,10012,4,5,1972,1972,0,920,38,1138,1181,0,0,1181,137500
665,20,20896,8,5,2005,2006,0,1721,356,2077,2097,0,0,2097,423000
666,60,11194,8,5,2000,2000,40,0,1406,1406,1454,482,0,1936,230500
667,60,18450,6,5,1965,1979,113,187,111,1021,1465,915,0,2380,129000
668,20,8125,6,5,1994,1998,258,1138,270,1408,1679,0,0,1679,193500
669,20,14175,5,6,1956,1987,0,988,200,1188,1437,0,0,1437,168000
670,30,11600,4,5,1922,1950,0,0,700,700,1180,0,0,1180,137500
671,60,8633,6,5,2005,2005,0,193,545,738,738,738,0,1476,173500
672,70,6629,6,6,1925,1950,0,551,121,672,697,672,0,1369,103600
673,20,11250,6,6,1977,1977,0,767,441,1208,1208,0,0,1208,165000
674,20,14442,6,7,1957,2004,106,1186,291,1477,1839,0,0,1839,257500
675,20,9200,6,6,1965,1965,0,892,244,1136,1136,0,0,1136,140000
676,160,2289,6,6,1978,1978,0,311,544,855,855,586,0,1441,148500
677,70,9600,4,2,1900,1950,0,0,1095,1095,1095,679,0,1774,87000
678,30,9022,5,8,1924,2006,0,0,768,768,792,0,0,792,109500
679,20,11844,8,5,2008,2008,464,0,2046,2046,2046,0,0,2046,372500
680,20,9945,5,5,1961,1961,57,827,161,988,988,0,0,988,128500
681,120,8012,6,5,1980,1980,0,543,261,923,923,0,0,923,143000
682,50,4500,5,5,1932,2000,0,182,611,793,848,672,0,1520,159434
683,120,2887,6,5,1996,1997,0,1003,288,1291,1291,0,0,1291,173000
684,20,11248,9,5,2002,2002,215,1059,567,1626,1668,0,0,1668,285000
685,60,16770,7,5,1998,1998,30,0,1195,1195,1195,644,0,1839,221000
686,160,5062,7,5,1984,1984,0,828,180,1190,1190,900,0,2090,207500
687,60,10207,7,6,2007,2007,0,0,874,874,874,887,0,1761,227875
688,160,5105,7,5,2004,2004,0,239,312,551,551,551,0,1102,148800
689,20,8089,8,6,2007,2007,0,945,474,1419,1419,0,0,1419,392000
690,120,7577,6,5,2005,2006,256,20,1342,1362,1362,0,0,1362,194700
691,120,4426,6,5,2004,2004,147,697,151,848,848,0,0,848,141000
692,60,21535,10,6,1994,1995,1170,1455,989,2444,2444,1872,0,4316,755000
693,60,26178,7,5,1989,1990,293,965,245,1210,1238,1281,0,2519,335000
694,30,5400,5,6,1921,1968,0,0,1073,1073,1073,0,0,1073,108480
695,50,6120,5,6,1936,1950,0,0,927,927,1067,472,0,1539,141500
696,20,13811,6,6,1987,1987,72,980,92,1112,1137,0,0,1137,176000
697,30,6000,5,7,1921,1950,0,616,0,616,616,0,0,616,89000
698,20,6420,5,7,1952,1952,0,210,219,980,1148,0,0,1148,123500
699,20,8450,5,8,1965,2009,0,553,224,894,894,0,0,894,138500
700,120,4282,7,5,2004,2004,0,16,1375,1391,1391,0,0,1391,196000
701,20,14331,8,5,2002,2002,630,1274,526,1800,1800,0,0,1800,312500
702,20,9600,7,5,1969,1969,168,0,1164,1164,1164,0,0,1164,140000
703,60,12438,8,5,2006,2006,466,0,1234,1234,1264,1312,0,2576,361919
704,190,7630,5,9,1900,1996,0,0,360,360,1032,780,0,1812,140000
705,20,8400,7,5,2004,2005,109,712,761,1473,1484,0,0,1484,213000
706,190,5600,4,5,1930,1950,0,0,0,0,372,720,0,1092,55000
707,20,115149,7,5,1971,2002,351,1219,424,1643,1824,0,0,1824,302000
708,120,6240,8,5,2006,2006,176,863,461,1324,1324,0,0,1324,254000
709,60,9018,7,5,2007,2007,0,0,728,728,728,728,0,1456,179540
710,20,7162,5,7,1966,1966,41,0,876,876,904,0,0,904,109900
711,30,4130,3,6,1935,2003,0,0,270,270,729,0,0,729,52000
712,50,8712,4,7,1900,1950,0,0,859,859,859,319,0,1178,102776
713,120,4671,8,5,1988,1989,0,767,461,1228,1228,0,0,1228,189000
714,190,9873,4,5,1970,1970,160,789,171,960,960,0,0,960,129000
715,60,13517,6,8,1976,2005,289,533,192,725,725,754,0,1479,130500
716,20,10140,6,5,1974,1974,174,0,1064,1064,1350,0,0,1350,165000
717,70,10800,7,8,1890,1998,0,0,718,718,1576,978,0,2554,159500
718,20,10000,5,6,1973,2000,0,1084,92,1176,1178,0,0,1178,157000
719,60,10542,7,5,1993,1994,651,1173,138,1311,1325,1093,0,2418,341000
720,20,9920,5,6,1969,1969,0,523,448,971,971,0,0,971,128500
721,120,6563,8,5,1985,1985,0,1148,594,1742,1742,0,0,1742,275000
722,120,4426,6,5,2004,2004,169,662,186,848,848,0,0,848,143000
723,20,8120,4,7,1970,1970,0,191,673,864,864,0,0,864,124500
724,50,8172,4,6,1954,1972,0,0,941,941,997,473,0,1470,135000
725,20,13286,9,5,2007,2008,340,1234,464,1698,1698,0,0,1698,320000
726,20,6960,4,6,1970,1970,0,375,250,864,864,0,0,864,120500
727,20,21695,6,9,1988,2007,260,808,72,880,1680,0,0,1680,222000
728,20,7314,7,5,2007,2007,82,724,508,1232,1232,0,0,1232,194500
729,90,11475,5,5,1958,1958,95,0,1584,1584,1776,0,0,1776,110000
730,30,6240,4,5,1925,1950,0,152,628,780,848,0,360,1208,103000
731,120,5389,8,5,1995,1996,0,1180,415,1595,1616,0,0,1616,236500
732,80,9590,7,5,2003,2003,442,786,82,868,1146,0,0,1146,187500
733,60,11404,7,5,1998,1999,202,252,901,1153,1153,878,0,2031,222500
734,20,10000,5,6,1961,1983,0,594,270,864,1144,0,0,1144,131400
735,20,8978,5,5,1968,1968,0,0,948,948,948,0,0,948,108000
736,75,10800,7,7,1914,1970,0,390,490,880,880,888,0,1768,163000
737,90,8544,3,4,1950,1950,0,0,0,0,1040,0,0,1040,93500
738,60,10463,8,5,2005,2005,0,0,893,893,901,900,0,1801,239900
739,90,10800,5,5,1987,1988,0,1200,0,1200,1200,0,0,1200,179000
740,60,9313,7,5,2004,2004,0,0,864,864,864,864,0,1728,190000
741,70,9600,5,7,1910,2002,0,0,264,264,768,664,0,1432,132000
742,20,6768,6,8,1961,1996,0,832,80,912,912,0,0,912,142000
743,20,8450,7,5,2000,2001,108,0,1349,1349,1349,0,0,1349,179000
744,80,12886,5,6,1963,1999,0,444,76,520,1464,0,0,1464,175000
745,120,5395,8,5,1993,1993,0,733,604,1337,1337,0,0,1337,180000
746,60,8963,8,9,1976,1996,289,575,487,1142,1175,1540,0,2715,299800
747,60,8795,7,5,2000,2000,0,300,652,952,980,1276,0,2256,236000
748,70,11700,7,7,1880,2003,0,0,1240,1240,1320,1320,0,2640,265979
749,20,10593,7,5,1996,1996,338,919,801,1720,1720,0,0,1720,260400
750,50,8405,4,3,1945,1950,0,0,0,0,1088,441,0,1529,98000
751,50,8800,4,7,1910,2004,0,0,576,576,792,348,0,1140,96500
752,60,7750,7,5,2003,2003,0,0,660,660,660,660,0,1320,162000
753,20,9236,6,5,1997,1997,0,1200,279,1479,1494,0,0,1494,217000
754,60,10240,8,5,2005,2005,178,0,1030,1030,1038,1060,0,2098,275500
755,20,7930,6,8,1969,2005,0,439,115,1026,1026,0,0,1026,156000
756,160,3230,6,5,1999,1999,894,381,348,729,742,729,0,1471,172500
757,60,10769,8,5,2007,2007,0,20,846,866,866,902,0,1768,212000
758,60,11616,6,5,1978,1978,328,438,234,672,672,714,0,1386,158900
759,160,2280,7,5,1999,1999,360,549,195,744,757,744,0,1501,179400
760,60,12257,8,5,1995,1995,513,56,1198,1318,1328,1203,0,2531,290000
761,20,9100,6,6,1959,1959,0,612,252,864,864,0,0,864,127500
762,30,6911,5,5,1924,1950,0,405,740,1145,1301,0,0,1301,100000
763,60,8640,7,5,2009,2009,0,24,732,756,764,783,0,1547,215200
764,60,9430,8,5,1999,1999,673,1163,89,1252,1268,1097,0,2365,337000
765,120,9549,8,5,1995,1996,0,437,0,1494,1494,0,0,1494,270000
766,20,14587,9,5,2008,2008,284,0,1498,1498,1506,0,0,1506,264132
767,60,10421,7,5,1988,1988,42,394,586,980,980,734,0,1714,196500
768,50,12508,6,7,1940,1985,0,660,323,983,983,767,0,1750,160000
769,20,9100,7,5,2004,2005,0,24,1836,1860,1836,0,0,1836,216837
770,60,53504,8,5,2003,2003,603,1416,234,1650,1690,1589,0,3279,538000
771,85,7252,5,5,1982,1982,0,685,173,858,858,0,0,858,134900
772,20,8877,4,5,1951,1951,0,836,0,836,1220,0,0,1220,102000
773,80,7819,6,5,1976,1976,0,422,480,1029,1117,0,0,1117,107000
774,20,10150,5,5,1958,1958,1,456,456,912,912,0,0,912,114500
775,20,14226,8,5,2006,2006,375,0,1935,1935,1973,0,0,1973,395000
776,120,4500,6,5,1998,1998,320,866,338,1204,1204,0,0,1204,162000
777,20,11210,7,5,2005,2006,240,20,1594,1614,1614,0,0,1614,221500
778,20,13350,5,5,1974,1974,0,762,102,864,894,0,0,894,142500
779,90,8400,5,5,1977,1977,320,0,0,0,2020,0,0,2020,144000
780,90,10530,6,5,1977,1977,90,975,0,975,1004,0,0,1004,135000
781,20,7875,7,5,1995,1996,38,0,1237,1237,1253,0,0,1253,176000
782,60,7153,6,5,1992,1992,0,387,374,761,810,793,0,1603,175900
783,20,16285,7,5,2001,2002,0,0,1413,1413,1430,0,0,1430,187100
784,85,9101,5,6,1978,1978,104,1097,0,1097,1110,0,0,1110,165500
785,75,6300,6,6,1914,2001,0,0,742,742,742,742,0,1484,128000
786,20,9790,6,5,1967,1967,0,251,491,1372,1342,0,0,1342,161500
787,50,10800,5,6,1915,1950,0,686,0,686,966,686,0,1652,139000
788,60,10142,7,5,2004,2004,0,656,300,956,956,1128,0,2084,233000
789,20,6000,4,7,1954,2000,0,0,901,901,901,0,0,901,107900
790,60,12205,6,8,1966,2007,157,568,264,832,976,1111,0,2087,187500
791,120,3182,7,5,2005,2006,11,16,1129,1145,1145,0,0,1145,160200
792,80,11333,6,5,1976,1976,0,539,490,1029,1062,0,0,1062,146800
793,60,9920,7,5,1996,1997,0,862,255,1117,1127,886,0,2013,269790
794,20,9158,8,5,2007,2007,140,0,1496,1496,1496,0,0,1496,225000
795,60,10832,7,5,1994,1996,0,0,712,712,1086,809,0,1895,194500
796,60,8400,6,6,1980,1981,130,0,650,650,888,676,0,1564,171000
797,20,8197,6,5,1977,1977,148,0,660,660,1285,0,0,1285,143500
798,20,7677,5,5,1953,1953,0,570,203,773,773,0,0,773,110000
799,60,13518,9,5,2008,2009,860,0,1926,1926,1966,1174,0,3140,485000
800,50,7200,5,7,1937,1950,252,569,162,731,981,787,0,1768,175000
801,60,12798,6,5,1997,1997,0,462,154,616,616,1072,0,1688,200000
802,30,4800,4,7,1916,1990,0,197,999,1196,1196,0,0,1196,109900
803,60,8199,7,5,2005,2005,0,648,80,728,728,728,0,1456,189000
804,60,13891,9,5,2008,2009,424,0,1734,1734,1734,1088,0,2822,582933
805,20,9000,5,5,1954,1954,0,812,124,936,1128,0,0,1128,118000
806,20,12274,7,5,2008,2008,256,0,1417,1417,1428,0,0,1428,227680
807,80,9750,5,5,1967,1967,0,400,100,980,980,0,0,980,135500
808,70,21384,5,6,1923,2004,0,1309,15,1324,1072,504,0,1576,223500
809,80,13400,5,5,1966,1966,1047,516,380,1024,1086,0,0,1086,159950
810,75,8100,5,5,1898,1965,0,0,849,849,1075,1063,0,2138,106000
811,20,10140,6,6,1974,1999,99,663,0,1040,1309,0,0,1309,181000
812,120,4438,6,5,2004,2004,169,662,186,848,848,0,0,848,144500
813,20,8712,5,5,1952,1952,0,0,540,540,1044,0,0,1044,55993
814,20,9750,6,6,1958,1958,243,608,834,1442,1442,0,0,1442,157900
815,50,8248,5,7,1918,1950,0,0,686,686,686,564,0,1250,116000
816,20,12137,7,5,1998,1998,442,0,1649,1649,1661,0,0,1661,224900
817,20,11425,5,6,1954,1954,0,486,522,1008,1008,0,0,1008,137000
818,20,13265,8,5,2002,2002,148,1218,350,1568,1689,0,0,1689,271000
819,80,8816,6,7,1971,1971,80,504,506,1010,1052,0,0,1052,155000
820,120,6371,7,5,2009,2010,128,733,625,1358,1358,0,0,1358,224000
821,60,7226,7,5,2003,2003,0,0,798,798,798,842,0,1640,183000
822,20,6000,4,4,1953,1953,0,0,936,936,936,0,0,936,93000
823,60,12394,7,5,2003,2003,0,0,847,847,847,886,0,1733,225000
824,50,9900,6,7,1940,1950,0,0,778,778,944,545,0,1489,139500
825,20,11216,8,5,2006,2006,0,0,1489,1489,1489,0,0,1489,232600
826,20,14803,10,5,2007,2008,816,1636,442,2078,2084,0,0,2084,385000
827,45,6130,5,6,1924,1950,0,784,0,784,784,0,0,784,109500
828,20,8529,7,5,2001,2001,0,20,1434,1454,1434,0,0,1434,189000
829,60,28698,5,5,1967,1967,0,249,0,1013,1160,966,0,2126,185000
830,160,2544,7,5,2005,2005,0,0,600,600,520,623,80,1223,147400
831,20,11900,6,5,1957,1957,387,1040,352,1392,1392,0,0,1392,166000
832,160,3180,7,5,2005,2005,0,0,600,600,520,600,80,1200,151000
833,60,9548,7,6,2003,2003,223,483,458,941,941,888,0,1829,237000
834,20,10004,6,6,1964,1964,180,196,975,1516,1516,0,0,1516,167000
835,20,7875,5,6,1961,1961,136,572,572,1144,1144,0,0,1144,139950
836,20,9600,4,7,1950,1995,0,442,625,1067,1067,0,0,1067,128000
837,30,8100,5,6,1948,1973,0,338,1221,1559,1559,0,0,1559,153500
838,160,1680,6,5,1973,1973,158,330,153,483,483,504,0,987,100000
839,20,9525,5,6,1995,2006,0,0,1099,1099,1099,0,0,1099,144000
840,50,11767,5,6,1946,1995,0,352,416,768,768,432,0,1200,130500
841,70,12155,6,8,1925,1950,0,156,516,672,810,672,0,1482,140000
842,70,10440,5,8,1904,2002,0,0,650,650,958,581,0,1539,157500
843,80,9020,6,7,1966,1966,183,312,276,1127,1165,0,0,1165,174900
844,90,8000,5,4,1961,1961,0,0,1800,1800,1800,0,0,1800,141000
845,50,12665,5,8,1915,1950,0,0,876,876,876,540,0,1416,153900
846,85,16647,5,5,1975,1981,0,1390,0,1390,1701,0,0,1701,171000
847,60,9317,7,5,1993,1993,137,513,227,740,1006,769,0,1775,213000
848,20,15523,5,6,1972,1972,0,460,404,864,864,0,0,864,133500
849,50,45600,6,8,1908,1997,0,0,907,907,1307,1051,0,2358,240000
850,80,9600,6,7,1976,1994,360,0,528,528,1094,761,0,1855,187000
851,120,4435,6,5,2003,2003,170,659,189,848,848,0,0,848,131500
852,120,3196,8,5,2003,2003,40,0,1273,1273,1456,0,0,1456,215000
853,75,7128,7,5,1941,1950,0,364,554,918,918,728,0,1646,164000
854,80,12095,6,6,1964,1964,115,564,563,1127,1445,0,0,1445,158000
855,20,17920,5,4,1955,1974,0,306,372,1763,1779,0,0,1779,170000
856,20,6897,5,8,1962,2010,0,659,381,1040,1040,0,0,1040,127000
857,80,10970,6,6,1978,1978,0,505,0,940,1026,0,0,1026,147000
858,60,8125,6,5,1994,1995,0,0,702,702,702,779,0,1481,174000
859,20,10400,7,5,1976,1976,189,0,1090,1090,1370,0,0,1370,152000
860,60,11029,6,7,1968,1984,220,619,435,1054,1512,1142,0,2654,250000
861,50,7642,7,8,1918,1998,0,0,912,912,912,514,0,1426,189950
862,190,11625,5,4,1965,1965,0,841,198,1039,1039,0,0,1039,131500
863,20,9672,6,5,1984,1985,0,338,702,1040,1097,0,0,1097,152000
864,20,7931,5,5,1959,1959,0,1148,0,1148,1148,0,0,1148,132500
865,20,8640,7,5,2007,2008,0,0,1372,1372,1372,0,0,1372,250580
866,20,8750,5,6,1970,1970,76,828,174,1002,1002,0,0,1002,148500
867,20,10656,8,5,2006,2007,274,0,1638,1638,1646,0,0,1646,248900
868,20,6970,4,5,1961,1961,0,932,108,1040,1120,0,0,1120,129000
869,60,14762,5,6,1948,1950,0,0,0,0,1547,720,53,2320,169000
870,60,9938,7,5,1993,1994,246,750,300,1050,1062,887,0,1949,236000
871,20,6600,5,5,1962,1962,0,0,894,894,894,0,0,894,109500
872,60,8750,6,5,1998,1998,116,505,299,804,804,878,0,1682,200500
873,20,8892,5,7,1953,1996,0,0,105,105,910,0,0,910,116000
874,40,12144,5,7,1949,1950,0,375,457,832,1036,0,232,1268,133000
875,50,5720,5,6,1941,1950,0,0,676,676,676,455,0,1131,66500
876,60,9000,8,5,2007,2007,0,64,1120,1184,1184,1426,0,2610,303477
877,20,25286,4,5,1963,1963,0,633,431,1064,1040,0,0,1040,132250
878,60,8834,9,5,2004,2005,216,1170,292,1462,1462,762,0,2224,350000
879,85,11782,5,7,1961,1995,0,899,210,1109,1155,0,0,1155,148000
880,20,7000,5,8,1978,2005,90,646,218,864,864,0,0,864,136500
881,20,7024,5,5,2005,2006,0,980,110,1090,1090,0,0,1090,157000
882,50,13758,7,5,1990,1991,117,902,254,1156,1187,530,0,1717,187500
883,60,9636,6,5,1992,1993,0,0,808,808,808,785,0,1593,178000
884,75,6204,4,5,1912,1950,0,0,795,795,954,795,481,2230,118500
885,20,7150,5,5,1967,1967,60,432,460,892,892,0,0,892,100000
886,120,5119,9,5,1999,2000,60,1238,460,1698,1709,0,0,1709,328900
887,90,8393,5,5,1959,2005,122,528,1098,1626,1712,0,0,1712,145000
888,50,16466,5,7,1955,1955,0,0,816,816,872,521,0,1393,135500
889,20,15865,8,6,1970,1970,0,351,1043,2217,2217,0,0,2217,268000
890,20,12160,6,4,1953,1953,90,1024,481,1505,1505,0,0,1505,149500
891,50,8064,5,7,1949,2006,0,0,672,672,672,252,0,924,122900
892,60,11184,6,5,1978,1978,92,226,192,918,918,765,0,1683,172500
893,20,8414,6,8,1963,2003,0,663,396,1059,1068,0,0,1068,154500
894,20,13284,5,5,1954,1954,0,1064,319,1383,1383,0,0,1383,165000
895,90,7018,5,5,1979,1979,0,0,0,0,1535,0,0,1535,118858
896,60,7056,6,5,1963,1963,415,400,380,780,983,813,0,1796,140000
897,30,8765,4,6,1936,1950,0,285,666,951,951,0,0,951,106500
898,90,7018,5,5,1979,1979,0,0,0,0,1120,1120,0,2240,142953
899,20,12919,9,5,2009,2010,760,2188,142,2330,2364,0,0,2364,611657
900,20,6993,5,7,1961,1994,0,465,447,912,1236,0,0,1236,135000
901,20,7340,4,6,1971,1971,0,322,536,858,858,0,0,858,110000
902,20,8712,5,7,1957,2000,0,860,132,992,1306,0,0,1306,153000
903,60,7875,7,5,2003,2003,0,0,783,783,807,702,0,1509,180000
904,20,14859,7,5,2006,2006,27,0,1670,1670,1670,0,0,1670,240000
905,20,6173,5,6,1967,1967,75,599,277,876,902,0,0,902,125500
906,20,9920,5,5,1954,1954,110,354,412,1056,1063,0,0,1063,128000
907,20,13501,8,5,2006,2006,208,63,1560,1623,1636,0,0,1636,255000
908,50,11500,7,7,1936,1987,0,223,794,1017,1020,1037,0,2057,250000
909,20,8885,5,5,1983,1983,0,301,239,864,902,0,0,902,131000
910,60,12589,6,5,2005,2005,0,0,742,742,742,742,0,1484,174000
911,90,11600,5,5,1960,1960,361,443,662,1105,1105,1169,0,2274,154300
912,20,9286,5,7,1977,1989,0,196,1072,1268,1268,0,0,1268,143500
913,30,6120,5,7,1925,1950,0,489,279,768,1015,0,0,1015,88000
914,90,6270,5,6,1949,1950,0,284,717,1001,1001,1001,0,2002,145000
915,160,3000,6,5,2009,2009,76,294,318,612,612,612,0,1224,173733
916,160,2001,4,5,1970,1970,80,0,546,546,546,546,0,1092,75000
917,20,9000,2,3,1949,1950,0,50,430,480,480,0,0,480,35311
918,20,17140,4,6,1956,1956,0,1059,75,1134,1229,0,0,1229,135000
919,60,13125,7,5,1991,1991,0,48,422,1104,912,1215,0,2127,238000
920,20,11029,6,8,1958,2002,0,528,245,1184,1414,0,0,1414,176500
921,60,8462,6,5,1994,1994,105,814,114,928,936,785,0,1721,201000
922,90,8777,5,7,1900,2003,0,1084,188,1272,1272,928,0,2200,145900
923,20,10237,6,5,2005,2006,0,28,1288,1316,1316,0,0,1316,169990
924,120,8012,6,5,1993,1994,0,165,598,1604,1617,0,0,1617,193000
925,20,10240,6,6,1980,1980,157,625,0,1686,1686,0,0,1686,207500
926,20,15611,5,6,1977,1977,0,767,266,1126,1126,0,0,1126,175000
927,60,11999,8,5,2003,2004,340,0,1181,1181,1234,1140,0,2374,285000
928,60,9900,7,5,1968,1968,342,552,280,832,1098,880,0,1978,176000
929,20,11838,8,5,2001,2001,0,0,1753,1753,1788,0,0,1788,236500
930,60,13006,7,5,1997,1997,285,0,964,964,993,1243,0,2236,222000
931,20,8925,8,5,2007,2007,0,16,1450,1466,1466,0,0,1466,201000
932,20,9100,5,6,1965,1965,0,338,121,925,925,0,0,925,117500
933,20,11670,9,5,2006,2006,302,0,1905,1905,1905,0,0,1905,320000
934,20,8487,7,5,2004,2004,210,20,1480,1500,1500,0,0,1500,190000
935,20,27650,7,7,1960,2007,0,425,160,585,2069,0,0,2069,242000
936,30,5825,4,5,1926,1953,108,0,600,600,747,0,0,747,79900
937,20,10083,7,5,2003,2003,NA,833,343,1176,1200,0,0,1200,184900
938,60,9675,7,5,2005,2005,0,341,772,1113,1113,858,0,1971,253000
939,60,8760,7,5,2006,2006,0,464,927,1391,1391,571,0,1962,239799
940,70,24090,7,7,1940,1950,0,0,1032,1032,1207,1196,0,2403,244400
941,90,12640,6,5,1976,1976,0,936,396,1728,1728,0,0,1728,150900
942,60,8755,7,5,1999,1999,298,772,220,992,1022,1038,0,2060,214000
943,90,7711,4,3,1977,1977,0,1440,0,1440,1440,0,0,1440,150000
944,90,25000,5,4,1967,1967,0,0,1632,1632,1632,0,0,1632,143000
945,20,14375,6,6,1958,1958,541,111,354,819,1344,0,0,1344,137500
946,50,8820,5,6,1890,1996,0,1088,0,1088,1188,561,120,1869,124900
947,80,8163,5,6,1959,1959,128,748,102,1144,1144,0,0,1144,143000
948,20,14536,8,5,2002,2003,236,1300,316,1616,1629,0,0,1629,270000
949,60,14006,7,5,2002,2002,144,0,936,936,936,840,0,1776,192500
950,20,9360,6,7,1972,2006,0,982,179,1161,1381,0,0,1381,197500
951,20,7200,5,8,1950,2002,0,398,317,864,864,0,0,864,129000
952,20,7800,5,5,1965,1965,0,641,187,828,965,0,0,965,119900
953,85,7200,5,8,1972,2003,0,660,108,768,768,0,0,768,133900
954,60,11075,5,4,1969,1969,232,562,29,784,1168,800,0,1968,172000
955,90,9400,6,5,1975,1975,250,945,0,945,980,0,0,980,127500
956,90,7136,6,6,1946,1950,423,484,495,979,979,979,0,1958,145000
957,160,1300,6,6,1980,1980,0,285,276,561,561,668,0,1229,124000
958,20,7420,5,5,1962,1962,0,417,640,1057,1057,0,0,1057,132000
959,20,8450,7,5,2003,2003,0,699,638,1337,1337,0,0,1337,185000
960,160,2572,7,5,1999,1999,0,604,92,696,696,720,0,1416,155000
961,20,7207,5,7,1958,2008,0,696,162,858,858,0,0,858,116500
962,60,12227,6,7,1977,1995,424,896,434,1330,1542,1330,0,2872,272000
963,160,2308,6,6,1976,1976,0,556,248,804,804,744,0,1548,155000
964,20,11923,9,5,2007,2007,0,0,1800,1800,1800,0,0,1800,239000
965,60,11316,7,5,2002,2003,44,624,193,817,824,1070,0,1894,214900
966,60,10237,6,5,2005,2007,0,0,783,783,783,701,0,1484,178900
967,50,9600,5,7,1940,1950,0,428,300,728,976,332,0,1308,160000
968,20,7390,5,7,1955,1955,151,902,196,1098,1098,0,0,1098,135000
969,50,5925,3,6,1910,1950,0,0,600,600,600,368,0,968,37900
970,190,10382,6,5,1958,1958,105,513,75,588,1095,0,0,1095,140000
971,50,10800,4,4,1949,1950,0,0,720,720,720,472,0,1192,135000
972,160,2268,7,5,2003,2004,106,567,197,764,764,862,0,1626,173000
973,120,7892,6,5,1979,1979,0,0,918,918,918,0,0,918,99500
974,20,11639,7,5,2007,2008,NA,0,1428,1428,1428,0,0,1428,182000
975,70,11414,7,8,1910,1993,0,0,728,728,1136,883,0,2019,167500
976,160,2651,7,5,2000,2000,0,641,32,673,673,709,0,1382,165000
977,30,5900,4,7,1923,1958,0,0,440,440,869,0,0,869,85500
978,120,4274,7,5,2006,2007,NA,1106,135,1241,1241,0,0,1241,199900
979,20,9450,4,5,1954,1954,0,552,342,894,894,0,0,894,110000
980,20,8816,5,6,1963,1963,0,651,470,1121,1121,0,0,1121,139000
981,85,12122,7,9,1961,2007,210,867,77,944,999,0,0,999,178400
982,60,12203,8,5,1998,1999,975,854,371,1225,1276,1336,0,2612,336000
983,20,3182,7,5,2007,2007,16,0,1266,1266,1266,0,0,1266,159895
984,60,11250,8,5,2002,2002,0,0,1128,1128,1149,1141,0,2290,255900
985,90,10125,5,5,1977,1977,0,0,0,0,1302,432,0,1734,126000
986,190,10880,5,5,1950,1950,0,1040,124,1164,1164,0,0,1164,125000
987,50,5310,6,8,1910,2003,0,0,485,485,1001,634,0,1635,117000
988,20,10159,9,5,2009,2010,450,1646,284,1930,1940,0,0,1940,395192
989,60,12046,6,6,1976,1976,298,156,692,848,1118,912,0,2030,195000
990,60,8125,7,5,2006,2006,0,0,770,770,778,798,0,1576,197000
991,60,9452,8,5,1997,1998,423,1074,322,1396,1407,985,0,2392,348000
992,70,17671,8,9,1882,1986,0,216,700,916,916,826,0,1742,168000
993,60,9760,6,8,1964,1993,340,536,169,822,1020,831,0,1851,187000
994,60,8846,6,5,2005,2006,0,0,750,750,750,750,0,1500,173900
995,20,12456,10,5,2006,2007,230,1172,528,1700,1718,0,0,1718,337500
996,50,4712,4,7,1946,1950,0,384,363,747,774,456,0,1230,121600
997,20,10659,5,6,1961,1961,0,915,135,1050,1050,0,0,1050,136500
998,20,11717,6,6,1970,1970,571,0,1442,1442,1442,0,0,1442,185000
999,30,9786,3,4,1922,1950,0,0,1007,1007,1077,0,0,1077,91000
1000,20,6762,7,5,2006,2006,24,686,501,1187,1208,0,0,1208,206000
1001,20,10206,3,3,1952,1952,0,0,0,0,944,0,0,944,82000
1002,30,5400,5,6,1920,1950,0,0,691,691,691,0,0,691,86000
1003,20,11957,8,5,2006,2006,53,24,1550,1574,1574,0,0,1574,232000
1004,90,11500,5,6,1976,1976,164,0,1680,1680,1680,0,0,1680,136905
1005,120,3182,7,5,2005,2006,16,16,1330,1346,1504,0,0,1504,181000
1006,80,8385,5,8,1977,1977,220,595,390,985,985,0,0,985,149900
1007,20,12155,6,3,1970,1970,0,1237,420,1657,1657,0,0,1657,163500
1008,160,2217,4,4,1970,1970,0,273,0,546,546,546,0,1092,88000
1009,20,12118,7,5,2004,2005,108,0,1710,1710,1710,0,0,1710,240000
1010,50,6000,5,5,1926,1950,0,0,1008,1008,1008,0,514,1522,102000
1011,50,21286,5,5,1948,1950,0,0,720,720,720,551,0,1271,135000
1012,90,9825,5,5,1965,1965,0,0,0,0,1664,0,0,1664,100000
1013,70,10592,6,7,1923,1996,0,0,602,602,900,602,0,1502,165000
1014,30,7200,5,4,1910,2006,0,247,310,1022,1022,0,0,1022,85000
1015,20,11664,6,5,1948,1950,206,336,746,1082,1082,0,0,1082,119200
1016,60,8400,8,6,2001,2001,0,643,167,810,810,855,0,1665,227000
1017,20,11883,7,5,1996,1996,196,690,814,1504,1504,0,0,1504,203000
1018,120,5814,8,5,1984,1984,0,1036,184,1220,1360,0,0,1360,187500
1019,80,10784,7,5,1991,1992,76,0,384,384,802,670,0,1472,160000
1020,120,3013,7,5,2005,2005,145,16,1346,1362,1506,0,0,1506,213490
1021,20,7024,4,5,2005,2005,0,1024,108,1132,1132,0,0,1132,176000
1022,20,7406,7,5,2006,2006,84,684,515,1199,1220,0,0,1220,194000
1023,50,9439,5,5,1930,1950,0,324,588,912,912,336,0,1248,87000
1024,120,3182,7,5,2005,2006,14,16,1330,1346,1504,0,0,1504,191000
1025,20,15498,8,6,1976,1976,0,1165,0,1565,2898,0,0,2898,287000
1026,20,7700,5,5,1972,1972,0,138,276,882,882,0,0,882,112500
1027,20,9300,5,5,1960,1960,324,697,571,1268,1264,0,0,1264,167500
1028,20,9520,8,5,2007,2008,338,1513,125,1638,1646,0,0,1646,293077
1029,50,9492,5,5,1941,1950,0,368,359,768,968,408,0,1376,105000
1030,160,1680,6,7,1972,1972,281,317,355,672,672,546,0,1218,118000
1031,190,7082,5,8,1916,1995,0,0,686,686,948,980,0,1928,160000
1032,75,15863,7,3,1920,1970,0,523,301,824,1687,998,397,3082,197000
1033,60,14541,8,7,1993,1993,0,1012,326,1338,1352,1168,0,2520,310000
1034,20,8125,7,5,2002,2002,295,986,668,1654,1654,0,0,1654,230000
1035,30,6305,5,7,1938,1950,0,0,920,920,954,0,0,954,119750
1036,20,11500,4,3,1957,1957,0,0,0,0,845,0,0,845,84000
1037,20,12898,9,5,2007,2008,70,1022,598,1620,1620,0,0,1620,315500
1038,60,9240,8,5,2001,2002,396,0,1055,1055,1055,1208,0,2263,287000
1039,160,1533,4,6,1970,2008,0,0,546,546,798,546,0,1344,97000
1040,180,1477,4,4,1970,1970,0,509,121,630,630,0,0,630,80000
1041,20,13125,5,4,1957,2000,67,168,284,1134,1803,0,0,1803,155000
1042,60,9130,6,8,1966,2000,252,400,336,800,800,832,0,1632,173000
1043,120,5381,6,5,2005,2005,135,900,406,1306,1306,0,0,1306,196000
1044,60,11839,7,5,1990,1990,99,1085,390,1475,1532,797,0,2329,262280
1045,20,9600,8,5,1981,1981,0,1104,1420,2524,2524,0,0,2524,278000
1046,20,13680,3,5,1955,1955,0,0,0,0,1733,0,0,1733,139600
1047,60,16056,9,5,2005,2006,208,240,1752,1992,1992,876,0,2868,556581
1048,20,9245,5,5,1994,1995,0,686,304,990,990,0,0,990,145000
1049,20,21750,5,4,1960,2006,75,0,0,0,1771,0,0,1771,115000
1050,20,11100,4,7,1946,2006,0,0,0,0,930,0,0,930,84900
1051,20,8993,7,5,2007,2007,0,0,1302,1302,1302,0,0,1302,176485
1052,20,11175,7,5,2007,2007,0,0,1316,1316,1316,0,0,1316,200141
1053,60,9500,6,6,1964,1978,272,442,374,816,1127,850,0,1977,165000
1054,20,8562,5,6,1957,2002,145,383,833,1216,1526,0,0,1526,144500
1055,60,11367,8,5,2002,2002,210,932,133,1065,1091,898,0,1989,255000
1056,20,11361,6,5,1976,1976,160,644,549,1193,1523,0,0,1523,180000
1057,120,7052,7,5,2005,2005,240,659,705,1364,1364,0,0,1364,185850
1058,60,29959,7,6,1994,1994,0,595,378,973,979,871,0,1850,248000
1059,60,11308,9,5,2008,2008,154,936,168,1104,1130,1054,0,2184,335000
1060,50,11275,6,7,1932,1950,480,297,0,854,1096,895,0,1991,220000
1061,120,4920,8,5,2001,2001,0,616,722,1338,1338,0,0,1338,213500
1062,30,18000,3,4,1935,1950,0,0,894,894,894,0,0,894,81000
1063,190,13600,5,5,1900,1950,0,0,662,662,1422,915,0,2337,90000
1064,30,6000,6,6,1925,1980,0,397,706,1103,1103,0,0,1103,110500
1065,20,11000,5,6,1966,1966,200,740,184,1154,1154,0,0,1154,154000
1066,60,14000,7,5,1996,1997,0,1201,105,1306,1306,954,0,2260,328000
1067,60,7837,6,7,1993,1994,0,0,799,799,799,772,0,1571,178000
1068,60,9760,6,6,1964,1964,360,674,0,780,798,813,0,1611,167900
1069,160,3964,6,4,1973,1973,0,837,105,942,1291,1230,0,2521,151400
1070,45,9600,5,7,1949,2003,0,220,625,845,893,0,0,893,135000
1071,20,10152,5,5,1956,1956,120,586,462,1048,1048,0,0,1048,135000
1072,60,11700,6,6,1968,1968,0,298,429,727,829,727,0,1556,154000
1073,50,7585,5,3,1948,1950,0,0,810,810,1002,454,0,1456,91500
1074,60,7950,6,6,1977,1977,140,535,155,690,698,728,0,1426,159500
1075,20,8556,7,5,2006,2006,0,0,1240,1240,1240,0,0,1240,194000
1076,70,13125,7,6,1940,1984,0,410,390,800,960,780,0,1740,219500
1077,50,10800,5,8,1936,1989,0,626,170,796,1096,370,0,1466,170000
1078,20,15870,5,5,1969,1969,0,75,230,1096,1096,0,0,1096,138800
1079,120,4435,6,5,2004,2004,169,662,186,848,848,0,0,848,155900
1080,20,8775,5,5,1994,1994,0,495,495,990,990,0,0,990,126000
1081,20,11040,6,7,1971,2004,144,656,602,1258,1258,0,0,1258,145000
1082,20,7500,5,5,1963,1963,0,824,216,1040,1040,0,0,1040,133000
1083,20,8749,7,5,2002,2002,100,0,1459,1459,1459,0,0,1459,192000
1084,20,8800,6,6,1964,1964,425,553,698,1251,1251,0,0,1251,160000
1085,60,13031,6,5,1995,1996,0,592,99,691,691,807,0,1498,187500
1086,85,9069,6,6,1992,1992,0,747,189,936,996,0,0,996,147000
1087,160,1974,4,5,1973,1973,0,334,212,546,546,546,0,1092,83500
1088,60,10574,8,5,2005,2006,0,0,1082,1082,1082,871,0,1953,252000
1089,160,2522,7,5,2004,2004,50,0,970,970,970,739,0,1709,137500
1090,120,3316,8,5,2005,2005,0,1039,208,1247,1247,0,0,1247,197000
1091,90,8544,3,4,1950,1950,0,0,0,0,1040,0,0,1040,92900
1092,160,2160,7,5,1999,2000,212,510,90,600,624,628,0,1252,160000
1093,50,8400,6,5,1925,1950,0,423,758,1181,1390,304,0,1694,136500
1094,20,9230,5,8,1965,1998,166,661,203,864,1200,0,0,1200,146000
1095,20,5868,5,7,1956,2000,0,248,448,936,936,0,0,936,129000
1096,20,9317,6,5,2006,2006,0,24,1290,1314,1314,0,0,1314,176432
1097,70,6882,6,7,1914,2006,0,0,684,684,773,582,0,1355,127000
1098,120,3696,8,5,1986,1986,0,0,1074,1074,1088,0,0,1088,170000
1099,50,6000,4,6,1936,1950,0,672,0,672,757,567,0,1324,128000
1100,20,11880,7,5,1978,1978,206,704,567,1271,1601,0,0,1601,157000
1101,30,8400,2,5,1920,1950,0,290,0,290,438,0,0,438,60000
1102,20,9758,5,5,1971,1971,0,412,251,950,950,0,0,950,119500
1103,20,7000,5,7,1960,2002,45,588,422,1010,1134,0,0,1134,135000
1104,20,8910,6,6,1959,1959,0,655,0,655,1194,0,0,1194,159500
1105,160,2016,5,5,1970,1970,304,0,630,630,630,672,0,1302,106000
1106,60,12256,8,5,1994,1995,362,1032,431,1463,1500,1122,0,2622,325000
1107,20,10357,7,5,1990,1991,0,738,172,910,1442,0,0,1442,179900
1108,60,23257,7,5,2006,2006,0,0,868,868,887,1134,0,2021,274725
1109,60,8063,6,5,2000,2000,0,0,924,924,948,742,0,1690,181000
1110,20,11362,8,5,2004,2005,42,1039,797,1836,1836,0,0,1836,280000
1111,60,8000,6,5,1995,1996,0,219,554,773,773,885,0,1658,188000
1112,60,10480,7,6,1976,1976,660,403,400,803,1098,866,0,1964,205000
1113,20,7100,5,7,1957,1957,0,708,108,816,816,0,0,816,129900
1114,20,8923,5,7,1953,2006,0,643,365,1008,1008,0,0,1008,134500
1115,20,5400,5,7,1954,2000,0,415,418,833,833,0,0,833,117000
1116,20,12085,8,5,2007,2007,328,1004,730,1734,1734,0,0,1734,318000
1117,80,7750,8,5,2002,2002,0,353,55,408,779,640,0,1419,184100
1118,20,9764,5,7,1967,2003,0,702,192,894,894,0,0,894,130000
1119,80,13825,5,6,1958,1987,0,0,533,533,1021,580,0,1601,140000
1120,20,7560,5,5,1959,1959,0,369,671,1040,1040,0,0,1040,133700
1121,30,8263,6,5,1920,1950,0,0,1012,1012,1012,0,0,1012,118400
1122,20,10084,7,5,2005,2006,196,24,1528,1552,1552,0,0,1552,212900
1123,20,8926,4,3,1956,1956,0,0,672,672,960,0,0,960,112000
1124,20,9405,5,9,1947,2008,0,0,698,698,698,0,0,698,118000
1125,80,9125,7,5,1992,1992,170,0,384,384,812,670,0,1482,163900
1126,20,10434,4,5,1955,1955,0,0,1005,1005,1005,0,0,1005,115000
1127,120,3684,7,5,2007,2007,130,0,1373,1373,1555,0,0,1555,174000
1128,20,14572,7,5,2004,2004,0,1300,230,1530,1530,0,0,1530,259000
1129,60,11796,7,5,2004,2005,0,0,847,847,847,1112,0,1959,215000
1130,90,7200,5,5,1980,1980,180,936,0,936,936,0,0,936,140000
1131,50,7804,4,3,1928,1950,0,622,500,1122,1328,653,0,1981,135000
1132,20,10712,5,5,1991,1992,0,212,762,974,974,0,0,974,93500
1133,70,9900,6,4,1880,1950,0,0,1008,1008,1178,1032,0,2210,117500
1134,60,9828,8,5,1995,1995,0,584,544,1128,1142,878,0,2020,239500
1135,60,8773,6,5,1997,1997,0,0,916,916,916,684,0,1600,169000
1136,30,6180,6,5,1926,1950,0,0,960,960,986,0,0,986,102000
1137,50,9600,6,5,1950,1950,0,280,752,1032,1032,220,0,1252,119000
1138,50,6342,5,8,1875,1996,0,0,780,780,780,240,0,1020,94000
1139,20,9819,6,5,1977,1977,0,1567,0,1567,1567,0,0,1567,196000
1140,30,8731,5,5,1920,1950,0,645,270,915,1167,0,0,1167,144000
1141,20,7350,5,7,1951,1951,0,852,100,952,952,0,0,952,139000
1142,60,10304,5,7,1976,1976,44,381,399,780,1088,780,0,1868,197500
1143,60,9965,8,5,2006,2007,340,1150,316,1466,1466,1362,0,2828,424870
1144,20,9000,5,3,1959,1959,0,288,718,1006,1006,0,0,1006,80000
1145,190,12180,4,4,1941,1950,0,348,324,672,672,252,0,924,80000
1146,50,6240,5,6,1928,1950,0,0,1042,1042,1042,534,0,1576,149000
1147,20,11200,6,5,1985,1985,85,1258,40,1298,1298,0,0,1298,180000
1148,70,12000,7,7,1941,1950,0,275,429,704,860,704,0,1564,174500
1149,50,5700,7,7,1926,1950,0,0,572,572,572,539,0,1111,116900
1150,70,9000,7,9,1920,1988,0,624,26,650,832,650,0,1482,143000
1151,20,8280,6,5,1950,1950,0,0,932,932,932,0,0,932,124000
1152,20,17755,5,4,1959,1959,132,176,1290,1466,1466,0,0,1466,149900
1153,20,14115,6,7,1956,2004,0,296,230,1073,1811,0,0,1811,230000
1154,30,5890,6,8,1930,2007,0,538,278,816,816,0,0,816,120500
1155,60,13700,7,6,1965,1988,288,454,410,864,902,918,0,1820,201800
1156,20,10768,5,8,1976,2004,0,1157,280,1437,1437,0,0,1437,218000
1157,80,9350,5,8,1965,1999,0,633,586,1219,1265,0,0,1265,179900
1158,120,5001,7,5,2007,2008,166,904,410,1314,1314,0,0,1314,230000
1159,20,11932,8,5,2007,2008,186,0,1580,1580,1580,0,0,1580,235128
1160,60,9120,6,6,1974,1974,270,442,459,901,943,933,0,1876,185000
1161,160,2280,6,5,1978,1978,0,311,544,855,855,601,0,1456,146000
1162,20,14778,6,7,1954,2006,72,728,568,1296,1640,0,0,1640,224000
1163,20,8724,5,5,1968,1968,0,492,402,894,894,0,0,894,129000
1164,90,12900,4,4,1969,1969,0,1198,0,1198,1258,0,0,1258,108959
1165,80,16157,5,7,1978,1978,0,680,289,1360,1432,0,0,1432,194000
1166,20,9541,7,5,2009,2009,268,0,1502,1502,1502,0,0,1502,233170
1167,20,10475,8,5,2008,2008,72,0,1694,1694,1694,0,0,1694,245350
1168,60,10852,6,5,2000,2000,0,786,173,959,959,712,0,1671,173000
1169,70,13728,6,7,1935,1986,0,626,501,1127,1236,872,0,2108,235000
1170,60,35760,10,5,1995,1996,1378,1387,543,1930,1831,1796,0,3627,625000
1171,80,9880,6,6,1977,1977,0,522,574,1096,1118,0,0,1118,171000
1172,20,9120,6,6,1958,1958,0,662,599,1261,1261,0,0,1261,163000
1173,160,4017,7,5,2006,2007,0,0,625,625,625,625,0,1250,171900
1174,50,18030,5,6,1946,1994,0,152,977,1598,1636,971,479,3086,200500
1175,70,16560,6,8,1932,1950,0,503,449,952,1170,1175,0,2345,239000
1176,50,10678,8,5,1992,2000,337,700,983,1683,2129,743,0,2872,285000
1177,20,6951,5,5,1984,1985,0,658,218,876,923,0,0,923,119500
1178,50,3950,6,8,1926,2004,0,468,350,818,818,406,0,1224,115000
1179,50,7681,5,6,1921,1950,0,0,731,731,820,523,0,1343,154900
1180,20,8335,5,5,1954,1954,0,0,0,0,1124,0,0,1124,93000
1181,60,11170,7,5,1990,1991,0,1216,0,1216,1298,1216,0,2514,250000
1182,120,5587,8,5,2008,2008,186,1480,120,1600,1652,0,0,1652,392500
1183,60,15623,10,5,1996,1996,0,2096,300,2396,2411,2065,0,4476,745000
1184,30,10800,5,6,1920,1950,0,821,299,1120,1130,0,0,1130,120000
1185,20,35133,5,4,1963,1963,226,1159,413,1572,1572,0,0,1572,186700
1186,50,9738,5,7,1924,1950,0,392,392,784,949,272,0,1221,104900
1187,190,10615,3,5,1900,1970,0,440,538,978,1014,685,0,1699,95000
1188,20,12461,8,5,1994,1995,0,1456,168,1624,1624,0,0,1624,262000
1189,60,8935,7,5,2002,2002,95,0,831,831,831,829,0,1660,195000
1190,60,7500,7,5,1999,1999,0,0,994,994,1028,776,0,1804,189000
1191,190,32463,4,4,1961,1975,149,1159,90,1249,1622,0,0,1622,168000
1192,160,2645,8,5,1999,2000,456,0,776,776,764,677,0,1441,174000
1193,50,9600,5,8,1925,1994,0,0,702,702,842,630,0,1472,125000
1194,120,4500,6,5,1999,1999,425,883,341,1224,1224,0,0,1224,165000
1195,60,9364,6,7,1969,1969,143,371,292,663,663,689,0,1352,158000
1196,60,8029,6,5,2005,2005,0,0,728,728,728,728,0,1456,176000
1197,60,14054,7,5,2006,2006,0,0,879,879,879,984,0,1863,219210
1198,75,8850,7,6,1916,1950,0,0,815,815,815,875,0,1690,144000
1199,20,9100,7,5,2001,2001,0,0,1212,1212,1212,0,0,1212,178000
1200,20,11235,4,5,1963,1979,51,547,504,1051,1382,0,0,1382,148000
1201,20,9353,4,5,1970,1970,0,0,864,864,864,0,0,864,116050
1202,60,10400,7,5,1998,1998,0,0,866,866,866,913,0,1779,197900
1203,50,6000,5,8,1925,1997,0,0,884,884,884,464,0,1348,117000
1204,20,9750,7,5,2000,2001,171,0,1630,1630,1630,0,0,1630,213000
1205,20,10140,5,6,1975,1975,0,788,268,1056,1074,0,0,1074,153500
1206,20,14684,7,7,1990,1991,234,485,1496,2158,2196,0,0,2196,271900
1207,20,8900,4,4,1966,1966,0,1056,0,1056,1056,0,0,1056,107000
1208,20,9135,6,5,2003,2003,120,340,1342,1682,1700,0,0,1700,200000
1209,20,7763,5,7,1962,1980,0,504,319,931,1283,0,0,1283,140000
1210,20,10182,8,5,2006,2006,420,1220,440,1660,1660,0,0,1660,290000
1211,60,11218,6,5,1992,1992,0,0,1055,1055,1055,790,0,1845,189000
1212,50,12134,8,7,1988,2005,0,427,132,559,1080,672,0,1752,164000
1213,30,9340,4,6,1941,1950,0,344,328,672,672,0,0,672,113000
1214,80,10246,4,9,1965,2001,0,648,0,648,960,0,0,960,145000
1215,85,10205,5,5,1962,1962,0,784,141,925,999,0,0,999,134500
1216,20,7094,5,5,1966,1966,0,180,340,894,894,0,0,894,125000
1217,90,8930,6,5,1978,1978,0,0,0,0,1318,584,0,1902,112000
1218,20,8640,8,5,2009,2009,72,936,364,1300,1314,0,0,1314,229456
1219,50,6240,4,5,1947,1950,0,0,0,0,672,240,0,912,80500
1220,160,1680,6,5,1971,1971,236,0,672,672,672,546,0,1218,91500
1221,20,7800,5,5,1964,1964,0,312,0,912,912,0,0,912,115000
1222,20,8250,5,5,1968,1968,0,250,210,952,1211,0,0,1211,134000
1223,50,10496,6,6,1949,1950,320,196,844,1040,1168,678,0,1846,143000
1224,20,10680,5,3,1951,1951,44,756,1380,2136,2136,0,0,2136,137900
1225,60,15384,7,5,2004,2005,0,724,64,788,788,702,0,1490,184000
1226,80,10482,6,8,1958,1958,63,507,81,588,1138,0,0,1138,145000
1227,60,14598,6,5,2007,2007,74,0,894,894,894,1039,0,1933,214000
1228,20,8872,5,8,1965,2008,300,595,317,912,912,0,0,912,147000
1229,120,8769,9,5,2008,2008,766,1540,162,1702,1702,0,0,1702,367294
1230,80,7910,5,5,1960,1960,0,666,409,1075,1507,0,0,1507,127000
1231,90,18890,5,5,1977,1977,1,498,652,1361,1361,1259,0,2620,190000
1232,90,7728,5,6,1962,1962,120,803,303,1106,1190,0,0,1190,132500
1233,90,9842,4,5,1962,1962,0,0,0,0,1224,0,0,1224,101800
1234,20,12160,5,5,1959,1959,180,1000,188,1188,1188,0,0,1188,142000
1235,70,8525,5,6,1911,1950,0,0,940,940,1024,940,0,1964,130000
1236,70,13132,5,5,1914,1950,0,0,747,747,892,892,0,1784,138887
1237,160,2628,7,5,2003,2003,106,0,764,764,764,862,0,1626,175500
1238,60,12393,7,5,2004,2005,0,0,847,847,847,1101,0,1948,195000
1239,20,13072,6,5,2005,2005,0,0,1141,1141,1141,0,0,1141,142500
1240,20,9037,8,5,2006,2006,32,428,1048,1476,1484,0,0,1484,265900
1241,60,8158,7,5,2003,2003,252,550,334,884,884,884,0,1768,224900
1242,20,9849,7,6,2007,2007,0,0,1689,1689,1689,0,0,1689,248328
1243,85,10625,7,6,1974,1974,81,885,0,1053,1173,0,0,1173,170000
1244,20,13891,10,5,2006,2006,NA,1386,690,2076,2076,0,0,2076,465000
1245,70,11435,8,7,1929,1950,0,0,792,792,792,725,0,1517,230000
1246,80,12090,6,7,1984,2003,74,0,585,585,1140,728,0,1868,178000
1247,60,8125,7,5,2005,2006,0,0,756,756,756,797,0,1553,186500
1248,80,12328,6,5,1976,1976,335,539,473,1012,1034,0,0,1034,169900
1249,75,9600,6,5,1917,1950,0,319,416,735,1134,924,0,2058,129500
1250,20,7200,5,7,1950,1950,0,534,246,876,988,0,0,988,119000
1251,20,11160,7,5,1968,1968,0,1065,1045,2110,2110,0,0,2110,244000
1252,120,3136,7,5,2003,2003,163,0,1405,1405,1405,0,0,1405,171750
1253,20,9858,5,6,1968,1968,0,510,354,864,874,0,0,874,130000
1254,60,17542,7,7,1974,2003,0,125,36,1192,1516,651,0,2167,294000
1255,60,6931,7,5,2003,2004,92,0,746,746,760,896,0,1656,165400
1256,50,6240,6,6,1931,1950,0,425,459,884,959,408,0,1367,127500
1257,20,14303,8,5,1994,1994,554,1314,672,1986,1987,0,0,1987,301500
1258,30,4060,5,8,1922,1950,0,0,864,864,864,0,0,864,99900
1259,80,9587,7,5,2005,2005,182,655,201,856,1166,0,0,1166,190000
1260,20,9750,6,8,1969,1969,0,602,14,1054,1054,0,0,1054,151000
1261,60,24682,6,5,1999,1999,0,0,841,841,892,783,0,1675,181000
1262,20,9600,5,6,1956,1956,0,504,546,1050,1050,0,0,1050,128900
1263,50,11250,4,5,1957,1989,0,0,1104,1104,1104,684,0,1788,161500
1264,70,13515,6,6,1919,1950,0,0,764,764,1060,764,0,1824,180500
1265,120,4060,6,5,1998,1999,0,266,1139,1405,1337,0,0,1337,181000
1266,160,3735,7,5,1999,1999,218,450,241,691,713,739,0,1452,183900
1267,190,10120,7,4,1910,1950,0,0,925,925,964,925,0,1889,122000
1268,20,13214,9,5,2008,2009,0,0,2002,2002,2018,0,0,2018,378500
1269,50,14100,8,9,1935,1997,632,192,536,728,1968,1479,0,3447,381000
1270,50,11344,5,5,1958,1958,180,460,414,874,874,650,0,1524,144000
1271,40,23595,7,6,1979,1979,0,1258,74,1332,1332,192,0,1524,260000
1272,20,9156,6,7,1968,1968,0,0,1489,1489,1489,0,0,1489,185750
1273,20,13526,5,6,1965,1965,114,560,0,935,935,0,0,935,137000
1274,80,11512,6,7,1959,2006,84,719,300,1019,1357,0,0,1357,177000
1275,50,5362,5,6,1910,2003,0,0,661,661,661,589,0,1250,139000
1276,90,11345,5,5,1948,1950,567,220,708,928,928,992,0,1920,137000
1277,60,12936,6,6,1972,1972,0,593,130,723,735,660,0,1395,162000
1278,80,17871,6,5,1967,1976,359,528,1152,1680,1724,0,0,1724,197900
1279,60,9473,8,5,2002,2002,NA,804,324,1128,1128,903,0,2031,237000
1280,50,7500,4,4,1920,1950,0,0,698,698,698,430,0,1128,68400
1281,20,9808,7,5,2002,2002,110,788,785,1573,1573,0,0,1573,227000
1282,20,8049,7,5,1990,1990,54,1053,256,1309,1339,0,0,1339,180000
1283,20,8800,5,7,1977,2008,0,532,364,1040,1040,0,0,1040,150500
1284,90,9400,6,5,1971,1971,0,0,912,912,912,912,0,1824,139000
1285,50,9638,6,7,1919,1990,0,0,804,804,1699,748,0,2447,169000
1286,50,6000,6,6,1939,1950,0,0,780,780,825,587,0,1412,132500
1287,20,9790,6,5,1963,1963,451,569,678,1328,1328,0,0,1328,143000
1288,20,36500,5,5,1964,1964,621,812,812,1624,1582,0,0,1582,190000
1289,120,5664,8,5,2000,2000,0,1158,343,1501,1659,0,0,1659,278000
1290,60,11065,8,5,2006,2006,788,0,1085,1085,1120,850,0,1970,281000
1291,80,14112,5,7,1964,1964,86,1014,138,1152,1152,0,0,1152,180500
1292,160,1680,5,7,1972,1972,268,231,399,630,630,672,0,1302,119500
1293,70,6600,5,4,1892,1965,0,0,994,994,1378,994,0,2372,107500
1294,60,10140,7,5,1976,1976,0,194,638,832,832,832,0,1664,162900
1295,20,8172,5,7,1955,1990,0,167,697,864,864,0,0,864,115000
1296,20,8400,5,5,1968,1968,168,1016,36,1052,1052,0,0,1052,138500
1297,20,8700,5,6,1963,1963,148,776,344,1120,1128,0,0,1128,155000
1298,180,3675,6,5,2005,2006,82,547,0,547,1072,0,0,1072,140000
1299,60,63887,10,5,2008,2008,796,5644,466,6110,4692,950,0,5642,160000
1300,20,7500,5,7,1959,1994,0,340,0,1246,1246,0,0,1246,154000
1301,60,10762,7,5,1999,1999,344,694,284,978,1005,978,0,1983,225000
1302,70,7500,6,7,1942,1950,0,547,224,771,753,741,0,1494,177500
1303,60,10120,8,5,1994,1994,391,740,425,1165,1203,1323,0,2526,290000
1304,20,8688,7,5,2005,2005,228,0,1616,1616,1616,0,0,1616,232000
1305,160,3363,7,5,2004,2004,117,0,976,976,976,732,0,1708,130000
1306,20,13173,9,5,2006,2007,300,1572,80,1652,1652,0,0,1652,325000
1307,120,6955,7,5,2005,2006,94,0,1368,1368,1368,0,0,1368,202500
1308,20,8072,5,5,1994,1995,0,746,244,990,990,0,0,990,138000
1309,20,12000,5,7,1948,2005,0,144,172,924,1122,0,0,1122,147000
1310,20,7153,6,5,1991,1991,88,1200,78,1278,1294,0,0,1294,179200
1311,20,17500,7,8,1959,2002,0,1406,496,1902,1902,0,0,1902,335000
1312,20,8814,7,5,2005,2007,80,925,349,1274,1274,0,0,1274,203000
1313,60,9572,8,5,1990,1990,336,482,971,1453,1453,1357,0,2810,302000
1314,60,14774,9,5,1999,1999,165,0,1393,1393,1422,1177,0,2599,333168
1315,20,8190,4,6,1954,1954,0,732,216,948,948,0,0,948,119000
1316,60,11075,6,5,1969,1969,0,500,176,952,1092,1020,0,2112,206900
1317,20,10226,8,5,2008,2008,270,0,1622,1622,1630,0,0,1630,295493
1318,120,4230,7,5,2006,2007,0,0,1352,1352,1352,0,0,1352,208900
1319,20,14781,8,5,2001,2002,178,0,1753,1753,1787,0,0,1787,275000
1320,20,10215,4,5,1954,1954,132,492,372,864,948,0,0,948,111000
1321,20,8400,6,3,1957,1957,0,189,628,1478,1478,0,0,1478,156500
1322,20,6627,3,6,1949,1950,0,0,0,0,720,0,0,720,72500
1323,60,10186,7,5,1992,1992,0,674,76,750,1061,862,0,1923,190000
1324,30,5330,4,7,1940,1950,0,280,140,420,708,0,0,708,82500
1325,20,9986,8,5,2006,2007,428,0,1795,1795,1795,0,0,1795,147000
1326,30,3636,4,4,1922,1950,0,0,796,796,796,0,0,796,55000
1327,30,4270,3,6,1931,2006,0,544,0,544,774,0,0,774,79000
1328,20,6600,5,9,1982,2008,0,641,175,816,816,0,0,816,130500
1329,50,10440,6,7,1920,1950,0,493,1017,1510,1584,1208,0,2792,256000
1330,60,9084,7,5,1998,1998,0,0,935,935,955,677,0,1632,176500
1331,20,10000,8,5,2006,2006,410,0,1588,1588,1588,0,0,1588,227000
1332,80,10780,5,5,1976,1976,0,483,428,911,954,0,0,954,132500
1333,20,8877,4,6,1938,1958,0,690,126,816,816,0,0,816,100000
1334,50,7200,5,6,1938,1995,0,0,803,803,803,557,0,1360,125500
1335,160,2368,5,6,1970,1970,312,765,0,765,765,600,0,1365,125000
1336,20,9650,6,5,1977,1977,360,686,664,1350,1334,0,0,1334,167900
1337,90,9246,5,5,1973,1973,564,0,1656,1656,1656,0,0,1656,135000
1338,30,4118,4,4,1941,1950,0,0,693,693,693,0,0,693,52500
1339,60,13450,7,5,2002,2002,0,700,216,916,920,941,0,1861,200000
1340,20,9560,5,7,1972,1972,0,360,504,864,864,0,0,864,128500
1341,20,8294,4,5,1971,1971,0,0,858,858,872,0,0,872,123000
1342,20,13695,6,5,2003,2004,0,814,300,1114,1114,0,0,1114,155000
1343,60,9375,8,5,2002,2002,149,0,1284,1284,1284,885,0,2169,228500
1344,50,7558,6,6,1928,1950,0,0,896,896,1172,741,0,1913,177000
1345,60,11103,7,5,2006,2006,0,0,728,728,728,728,0,1456,155835
1346,30,6000,4,4,1920,1950,0,250,710,960,960,0,0,960,108500
1347,20,20781,7,7,1968,2003,0,297,1203,1568,2156,0,0,2156,262500
1348,20,15306,8,5,2006,2007,100,80,1652,1732,1776,0,0,1776,283463
1349,20,16196,7,5,1998,1998,0,1443,39,1482,1494,0,0,1494,215000
1350,70,5250,8,5,1872,1987,0,259,425,684,938,1215,205,2358,122000
1351,90,11643,5,5,1969,1969,368,500,748,1248,1338,1296,0,2634,200000
1352,60,9247,6,6,1962,1962,318,319,539,858,858,858,0,1716,171000
1353,50,6000,6,9,1937,2000,0,0,698,698,786,390,0,1176,134900
1354,50,14720,8,5,1995,1996,579,816,1217,2033,2053,1185,0,3238,410000
1355,60,10316,7,5,2000,2000,0,735,257,992,992,873,0,1865,235000
1356,80,10192,7,6,1968,1992,143,0,570,570,1222,698,0,1920,170000
1357,20,9477,5,5,1966,1966,65,340,524,864,892,0,0,892,110000
1358,20,12537,5,6,1971,2008,0,734,344,1078,1078,0,0,1078,149900
1359,160,2117,6,5,2000,2000,216,378,378,756,769,804,0,1573,177500
1360,20,16737,9,5,2004,2005,66,1447,533,1980,1980,0,0,1980,315000
1361,70,9842,5,6,1921,1998,0,0,612,612,990,1611,0,2601,189000
1362,20,16158,7,5,2005,2005,16,1274,256,1530,1530,0,0,1530,260000
1363,50,12513,4,4,1920,2007,0,0,715,715,1281,457,0,1738,104900
1364,60,8499,6,5,2006,2007,0,0,616,616,616,796,0,1412,156932
1365,160,3180,7,5,2005,2005,0,0,600,600,520,600,80,1200,144152
1366,60,7500,7,5,2000,2000,0,533,281,814,814,860,0,1674,216000
1367,60,9179,7,5,1999,1999,158,633,240,873,882,908,0,1790,193000
1368,160,2665,5,6,1977,1977,0,548,36,757,925,550,0,1475,127000
1369,120,4435,6,5,2003,2004,170,685,163,848,848,0,0,848,144000
1370,20,10635,8,5,2003,2003,171,370,315,1657,1668,0,0,1668,232000
1371,50,5400,4,6,1920,1950,0,315,420,840,840,534,0,1374,105000
1372,80,9600,6,6,1955,1996,0,831,161,992,1661,0,0,1661,165500
1373,60,9750,7,6,1998,1998,0,975,133,1108,1108,989,0,2097,274300
1374,20,11400,10,5,2001,2002,705,1282,1351,2633,2633,0,0,2633,466500
1375,60,10625,7,5,2005,2005,0,0,1026,1026,1026,932,0,1958,250000
1376,20,10991,8,5,2007,2007,80,0,1571,1571,1571,0,0,1571,239000
1377,30,6292,6,5,1930,1950,0,384,384,768,790,0,0,790,91000
1378,50,10998,5,5,1941,1960,0,408,156,984,984,620,0,1604,117000
1379,160,1953,6,5,1973,1973,408,309,174,483,483,504,0,987,83000
1380,80,9735,5,5,2006,2007,0,0,384,384,754,640,0,1394,167500
1381,30,8212,3,3,1914,1950,0,203,661,864,864,0,0,864,58500
1382,20,12925,6,7,1970,1970,0,865,340,1205,2117,0,0,2117,237500
1383,70,7200,7,7,1920,1950,0,0,596,596,998,764,0,1762,157000
1384,30,25339,5,7,1918,2007,0,0,816,816,1416,0,0,1416,112000
1385,50,9060,6,5,1939,1950,0,204,356,560,698,560,0,1258,105000
1386,50,5436,4,8,1922,2007,0,735,61,796,796,358,0,1154,125500
1387,60,16692,7,5,1978,1978,184,790,133,1392,1392,1392,0,2784,250000
1388,50,8520,6,7,1916,1950,0,168,0,714,1664,862,0,2526,136000
1389,20,14892,9,5,2006,2007,160,1320,426,1746,1746,0,0,1746,377500
1390,50,6000,6,6,1941,1950,0,375,360,735,869,349,0,1218,131000
1391,20,9100,7,5,2000,2000,244,1400,125,1525,1525,0,0,1525,235000
1392,90,8944,5,5,1967,1967,0,0,1584,1584,1584,0,0,1584,124000
1393,85,7838,5,5,1967,1967,0,769,95,864,900,0,0,900,123000
1394,190,10800,6,7,1905,2000,0,0,482,482,1221,691,0,1912,163000
1395,120,4045,7,5,2006,2006,45,1070,286,1356,1500,0,0,1500,246578
1396,60,12665,8,5,2005,2006,245,0,1094,1094,1133,1349,0,2482,281213
1397,20,57200,5,5,1948,1950,0,353,60,747,1687,0,0,1687,160000
1398,70,6120,5,8,1920,2004,0,0,939,939,939,574,0,1513,137500
1399,50,7200,5,4,1950,1982,0,180,676,1208,1136,768,0,1904,138000
1400,50,6171,6,6,1925,1990,0,264,712,976,1160,448,0,1608,137450
1401,50,6000,6,7,1929,1950,0,0,862,862,950,208,0,1158,120000
1402,60,7415,6,5,2004,2004,0,759,80,839,864,729,0,1593,193000
1403,20,6762,7,5,2006,2006,0,0,1286,1286,1294,0,0,1294,193879
1404,20,15256,8,5,2007,2007,84,929,556,1485,1464,0,0,1464,282922
1405,50,10410,3,4,1915,1950,0,0,672,672,694,520,0,1214,105000
1406,120,3842,8,5,2004,2005,174,1373,221,1594,1646,0,0,1646,275000
1407,85,8445,5,7,1972,2007,0,656,112,768,768,0,0,768,133000
1408,20,8780,5,5,1985,1985,0,625,208,833,833,0,0,833,112000
1409,70,7740,4,7,1910,1950,0,0,622,622,741,622,0,1363,125500
1410,60,20544,7,6,1986,1991,123,0,791,791,1236,857,0,2093,215000
1411,60,12420,7,5,2001,2001,0,666,278,944,944,896,0,1840,230000
1412,50,9600,6,8,1950,2005,0,120,736,856,1112,556,0,1668,140000
1413,90,7200,4,5,1949,1950,0,0,0,0,1040,0,0,1040,90000
1414,20,10994,8,5,2005,2006,366,976,868,1844,1844,0,0,1844,257000
1415,50,13053,6,7,1923,2000,0,0,833,833,1053,795,0,1848,207000
1416,120,3635,7,5,2007,2007,130,988,398,1386,1569,0,0,1569,175900
1417,190,11340,4,6,1885,1950,0,0,777,777,1246,1044,0,2290,122500
1418,60,16545,8,5,1998,1998,731,781,503,1284,1310,1140,0,2450,340000
1419,20,9204,5,5,1963,1963,0,25,247,1144,1144,0,0,1144,124000
1420,20,16381,6,5,1969,1969,312,1110,734,1844,1844,0,0,1844,223000
1421,60,11700,6,6,1968,1968,420,404,304,708,708,708,0,1416,179900
1422,120,4043,6,5,1977,1977,0,360,709,1069,1069,0,0,1069,127500
1423,120,4435,6,5,2003,2003,170,686,162,848,848,0,0,848,136500
1424,80,19690,6,7,1966,1966,0,0,697,697,1575,626,0,2201,274970
1425,20,9503,5,5,1958,1983,0,457,193,1024,1344,0,0,1344,144000
1426,20,10721,6,6,1959,1959,243,0,1252,1252,1252,0,0,1252,142000
1427,60,10944,7,5,1994,1994,448,1000,223,1223,1223,904,0,2127,271000
1428,50,10930,5,6,1945,1950,0,580,333,913,1048,510,0,1558,140000
1429,30,7200,5,7,1940,1992,294,510,278,788,804,0,0,804,119000
1430,20,12546,6,7,1981,1981,310,678,762,1440,1440,0,0,1440,182900
1431,60,21930,5,5,2005,2005,0,0,732,732,734,1104,0,1838,192140
1432,120,4928,6,6,1976,1976,0,958,0,958,958,0,0,958,143750
1433,30,10800,4,6,1927,2007,0,0,656,656,968,0,0,968,64500
1434,60,10261,6,5,2000,2000,318,0,936,936,962,830,0,1792,186500
1435,20,17400,5,5,1977,1977,0,936,190,1126,1126,0,0,1126,160000
1436,20,8400,6,9,1962,2005,237,0,1319,1319,1537,0,0,1537,174000
1437,20,9000,4,6,1971,1971,0,616,248,864,864,0,0,864,120500
1438,20,12444,8,5,2008,2008,426,1336,596,1932,1932,0,0,1932,394617
1439,20,7407,6,7,1957,1996,0,600,312,912,1236,0,0,1236,149700
1440,60,11584,7,6,1979,1979,96,315,114,539,1040,685,0,1725,197000
1441,70,11526,6,7,1922,1994,0,0,588,588,1423,748,384,2555,191000
1442,120,4426,6,5,2004,2004,147,697,151,848,848,0,0,848,149300
1443,60,11003,10,5,2008,2008,160,765,252,1017,1026,981,0,2007,310000
1444,30,8854,6,6,1916,1950,0,0,952,952,952,0,0,952,121000
1445,20,8500,7,5,2004,2004,106,0,1422,1422,1422,0,0,1422,179600
1446,85,8400,6,5,1966,1966,0,187,0,814,913,0,0,913,129000
1447,20,26142,5,7,1962,1962,189,593,595,1188,1188,0,0,1188,157900
1448,60,10000,8,5,1995,1996,438,1079,141,1220,1220,870,0,2090,240000
1449,50,11767,4,7,1910,2000,0,0,560,560,796,550,0,1346,112000
1450,180,1533,5,7,1970,1970,0,553,77,630,630,0,0,630,92000
1451,90,9000,5,5,1974,1974,0,0,896,896,896,896,0,1792,136000
1452,20,9262,8,5,2008,2009,194,0,1573,1573,1578,0,0,1578,287090
1453,180,3675,5,5,2005,2005,80,547,0,547,1072,0,0,1072,145000
1454,20,17217,5,5,2006,2006,0,0,1140,1140,1140,0,0,1140,84500
1455,20,7500,7,5,2004,2005,0,410,811,1221,1221,0,0,1221,185000
1456,60,7917,6,5,1999,2000,0,0,953,953,953,694,0,1647,175000
1457,20,13175,6,6,1978,1988,119,790,589,1542,2073,0,0,2073,210000
1458,70,9042,7,9,1941,2006,0,275,877,1152,1188,1152,0,2340,266500
1459,20,9717,5,6,1950,1996,0,49,0,1078,1078,0,0,1078,142125
1460,20,9937,5,6,1965,1965,0,830,136,1256,1256,0,0,1256,147500
